  0.00000000E+00 -0.34057387E+01
  0.10019145E-01 -0.34071836E+01
  0.20038291E-01 -0.34115197E+01
  0.30057436E-01 -0.34187045E+01
  0.40076582E-01 -0.34286693E+01
  0.50095727E-01 -0.34413212E+01
  0.60114873E-01 -0.34565465E+01
  0.70134018E-01 -0.34742150E+01
  0.80153164E-01 -0.34941830E+01
  0.90172309E-01 -0.35162981E+01
  0.10019145E+00 -0.35404024E+01
  0.11021060E+00 -0.35663357E+01
  0.12022975E+00 -0.35939389E+01
  0.13024889E+00 -0.36230557E+01
  0.14026804E+00 -0.36535350E+01
  0.15028718E+00 -0.36852320E+01
  0.16030633E+00 -0.37180091E+01
  0.17032547E+00 -0.37517369E+01
  0.18034462E+00 -0.37862942E+01
  0.19036376E+00 -0.38215683E+01
  0.20038291E+00 -0.38574548E+01
  0.21040205E+00 -0.38938575E+01
  0.22042120E+00 -0.39306879E+01
  0.23044035E+00 -0.39678652E+01
  0.24045949E+00 -0.40053152E+01
  0.25047864E+00 -0.40429705E+01
  0.26049778E+00 -0.40807697E+01
  0.27051693E+00 -0.41186569E+01
  0.28053607E+00 -0.41565812E+01
  0.29055522E+00 -0.41944966E+01
  0.30057436E+00 -0.42323609E+01
  0.31059351E+00 -0.42701359E+01
  0.32061265E+00 -0.43077867E+01
  0.33063180E+00 -0.43452810E+01
  0.34065095E+00 -0.43825896E+01
  0.35067009E+00 -0.44196850E+01
  0.36068924E+00 -0.44565420E+01
  0.37070838E+00 -0.44931369E+01
  0.38072753E+00 -0.45294473E+01
  0.39074667E+00 -0.45654520E+01
  0.40076582E+00 -0.46011309E+01
  0.41078496E+00 -0.46364644E+01
  0.42080411E+00 -0.46714339E+01
  0.43082325E+00 -0.47060211E+01
  0.44084240E+00 -0.47402083E+01
  0.45086155E+00 -0.47739781E+01
  0.46088069E+00 -0.48073135E+01
  0.47089984E+00 -0.48401979E+01
  0.48091898E+00 -0.48726152E+01
  0.49093813E+00 -0.49045497E+01
  0.50095727E+00 -0.49359858E+01
  0.51097642E+00 -0.49669090E+01
  0.52099556E+00 -0.49973049E+01
  0.53101471E+00 -0.50271600E+01
  0.54103385E+00 -0.50564615E+01
  0.55105300E+00 -0.50851975E+01
  0.56107215E+00 -0.51133568E+01
  0.57109129E+00 -0.51409292E+01
  0.58111044E+00 -0.51679054E+01
  0.59112958E+00 -0.51942774E+01
  0.60114873E+00 -0.52200380E+01
  0.61116787E+00 -0.52451811E+01
  0.62118702E+00 -0.52697016E+01
  0.63120616E+00 -0.52935956E+01
  0.64122531E+00 -0.53168601E+01
  0.65124445E+00 -0.53394930E+01
  0.66126360E+00 -0.53614930E+01
  0.67128275E+00 -0.53828598E+01
  0.68130189E+00 -0.54035936E+01
  0.69132104E+00 -0.54236951E+01
  0.70134018E+00 -0.54431657E+01
  0.71135933E+00 -0.54620069E+01
  0.72137847E+00 -0.54802207E+01
  0.73139762E+00 -0.54978091E+01
  0.74141676E+00 -0.55147738E+01
  0.75143591E+00 -0.55311169E+01
  0.76145505E+00 -0.55468398E+01
  0.77147420E+00 -0.55619440E+01
  0.78149335E+00 -0.55764303E+01
  0.79151249E+00 -0.55902992E+01
  0.80153164E+00 -0.56035507E+01
  0.81155078E+00 -0.56161843E+01
  0.82156993E+00 -0.56281988E+01
  0.83158907E+00 -0.56395927E+01
  0.84160822E+00 -0.56503636E+01
  0.85162736E+00 -0.56605091E+01
  0.86164651E+00 -0.56700259E+01
  0.87166565E+00 -0.56789105E+01
  0.88168480E+00 -0.56871592E+01
  0.89170395E+00 -0.56947680E+01
  0.90172309E+00 -0.57017325E+01
  0.91174224E+00 -0.57080487E+01
  0.92176138E+00 -0.57137122E+01
  0.93178053E+00 -0.57187191E+01
  0.94179967E+00 -0.57230656E+01
  0.95181882E+00 -0.57267482E+01
  0.96183796E+00 -0.57297638E+01
  0.97185711E+00 -0.57321099E+01
  0.98187625E+00 -0.57337843E+01
  0.99189540E+00 -0.57347858E+01
  0.10019145E+01 -0.57351133E+01
  0.10119746E+01 -0.57347904E+01
  0.10220347E+01 -0.57337910E+01
  0.10320948E+01 -0.57321154E+01
  0.10421549E+01 -0.57297646E+01
  0.10522150E+01 -0.57267399E+01
  0.10622751E+01 -0.57230432E+01
  0.10723352E+01 -0.57186766E+01
  0.10823953E+01 -0.57136427E+01
  0.10924554E+01 -0.57079442E+01
  0.11025155E+01 -0.57015839E+01
  0.11125756E+01 -0.56945650E+01
  0.11226357E+01 -0.56868902E+01
  0.11326958E+01 -0.56785625E+01
  0.11427559E+01 -0.56695844E+01
  0.11528160E+01 -0.56599584E+01
  0.11628761E+01 -0.56496865E+01
  0.11729362E+01 -0.56387705E+01
  0.11829963E+01 -0.56272117E+01
  0.11930564E+01 -0.56150111E+01
  0.12031165E+01 -0.56021692E+01
  0.12131766E+01 -0.55886861E+01
  0.12232367E+01 -0.55745615E+01
  0.12332968E+01 -0.55597950E+01
  0.12433569E+01 -0.55443856E+01
  0.12534170E+01 -0.55283322E+01
  0.12634771E+01 -0.55116336E+01
  0.12735372E+01 -0.54942883E+01
  0.12835973E+01 -0.54762951E+01
  0.12936574E+01 -0.54576524E+01
  0.13037175E+01 -0.54383589E+01
  0.13137776E+01 -0.54184135E+01
  0.13238377E+01 -0.53978151E+01
  0.13338978E+01 -0.53765629E+01
  0.13439579E+01 -0.53546563E+01
  0.13540180E+01 -0.53320952E+01
  0.13640781E+01 -0.53088794E+01
  0.13741382E+01 -0.52850092E+01
  0.13841983E+01 -0.52604852E+01
  0.13942584E+01 -0.52353083E+01
  0.14043185E+01 -0.52094793E+01
  0.14143786E+01 -0.51829998E+01
  0.14244387E+01 -0.51558711E+01
  0.14344988E+01 -0.51280948E+01
  0.14445589E+01 -0.50996730E+01
  0.14546190E+01 -0.50706074E+01
  0.14646791E+01 -0.50409002E+01
  0.14747391E+01 -0.50105535E+01
  0.14847992E+01 -0.49795697E+01
  0.14948593E+01 -0.49479509E+01
  0.15049194E+01 -0.49156995E+01
  0.15149795E+01 -0.48828181E+01
  0.15250396E+01 -0.48493090E+01
  0.15350997E+01 -0.48151748E+01
  0.15451598E+01 -0.47804181E+01
  0.15552199E+01 -0.47450415E+01
  0.15652800E+01 -0.47090478E+01
  0.15753401E+01 -0.46724396E+01
  0.15854002E+01 -0.46352199E+01
  0.15954603E+01 -0.45973914E+01
  0.16055204E+01 -0.45589572E+01
  0.16155805E+01 -0.45199200E+01
  0.16256406E+01 -0.44802829E+01
  0.16357007E+01 -0.44400489E+01
  0.16457608E+01 -0.43992208E+01
  0.16558209E+01 -0.43578016E+01
  0.16658810E+01 -0.43157941E+01
  0.16759411E+01 -0.42732012E+01
  0.16860012E+01 -0.42300255E+01
  0.16960613E+01 -0.41862697E+01
  0.17061214E+01 -0.41419362E+01
  0.17161815E+01 -0.40970275E+01
  0.17262416E+01 -0.40515456E+01
  0.17363017E+01 -0.40054929E+01
  0.17463618E+01 -0.39588713E+01
  0.17564219E+01 -0.39116827E+01
  0.17664820E+01 -0.38639289E+01
  0.17765421E+01 -0.38156117E+01
  0.17866022E+01 -0.37667327E+01
  0.17966623E+01 -0.37172938E+01
  0.18067224E+01 -0.36672965E+01
  0.18167825E+01 -0.36167426E+01
  0.18268426E+01 -0.35656340E+01
  0.18369027E+01 -0.35139726E+01
  0.18469628E+01 -0.34617604E+01
  0.18570229E+01 -0.34089997E+01
  0.18670830E+01 -0.33556930E+01
  0.18771431E+01 -0.33018430E+01
  0.18872032E+01 -0.32474525E+01
  0.18972633E+01 -0.31925248E+01
  0.19073234E+01 -0.31370633E+01
  0.19173835E+01 -0.30810719E+01
  0.19274436E+01 -0.30245546E+01
  0.19375037E+01 -0.29675159E+01
  0.19475638E+01 -0.29099606E+01
  0.19576239E+01 -0.28518938E+01
  0.19676839E+01 -0.27933210E+01
  0.19777440E+01 -0.27342478E+01
  0.19878041E+01 -0.26746806E+01
  0.19978642E+01 -0.26146257E+01
  0.20079243E+01 -0.25540900E+01
  0.20179844E+01 -0.24930804E+01
  0.20280445E+01 -0.24316044E+01
  0.20381046E+01 -0.23696695E+01
  0.20481647E+01 -0.23072836E+01
  0.20582248E+01 -0.22444545E+01
  0.20682849E+01 -0.21811903E+01
  0.20783450E+01 -0.21174991E+01
  0.20884051E+01 -0.20533890E+01
  0.20984652E+01 -0.19888679E+01
  0.21085253E+01 -0.19239438E+01
  0.21185854E+01 -0.18586240E+01
  0.21286455E+01 -0.17929158E+01
  0.21387056E+01 -0.17268261E+01
  0.21487657E+01 -0.16603610E+01
  0.21588258E+01 -0.15935264E+01
  0.21588258E+01 -0.15935263E+01
  0.21688021E+01 -0.15936766E+01
  0.21787785E+01 -0.15940764E+01
  0.21887548E+01 -0.15947499E+01
  0.21987312E+01 -0.15957014E+01
  0.22087075E+01 -0.15969368E+01
  0.22186838E+01 -0.15984634E+01
  0.22286602E+01 -0.16002902E+01
  0.22386365E+01 -0.16024280E+01
  0.22486129E+01 -0.16048892E+01
  0.22585892E+01 -0.16076880E+01
  0.22685655E+01 -0.16108403E+01
  0.22785419E+01 -0.16143639E+01
  0.22885182E+01 -0.16182783E+01
  0.22984946E+01 -0.16226049E+01
  0.23084709E+01 -0.16273670E+01
  0.23184472E+01 -0.16325897E+01
  0.23284236E+01 -0.16382998E+01
  0.23383999E+01 -0.16445259E+01
  0.23483763E+01 -0.16512986E+01
  0.23583526E+01 -0.16586496E+01
  0.23683289E+01 -0.16666126E+01
  0.23783053E+01 -0.16752221E+01
  0.23882816E+01 -0.16845142E+01
  0.23982579E+01 -0.16945256E+01
  0.24082343E+01 -0.17052937E+01
  0.24182106E+01 -0.17168562E+01
  0.24281870E+01 -0.17292508E+01
  0.24381633E+01 -0.17425146E+01
  0.24481396E+01 -0.17566842E+01
  0.24581160E+01 -0.17717944E+01
  0.24680923E+01 -0.17878785E+01
  0.24780687E+01 -0.18049676E+01
  0.24880450E+01 -0.18230899E+01
  0.24980213E+01 -0.18422705E+01
  0.25079977E+01 -0.18625307E+01
  0.25179740E+01 -0.18838882E+01
  0.25279504E+01 -0.19063558E+01
  0.25379267E+01 -0.19299420E+01
  0.25479030E+01 -0.19546506E+01
  0.25578794E+01 -0.19804803E+01
  0.25678557E+01 -0.20074249E+01
  0.25779138E+01 -0.20357078E+01
  0.25879719E+01 -0.20650969E+01
  0.25980300E+01 -0.20955715E+01
  0.26080882E+01 -0.21271070E+01
  0.26181463E+01 -0.21596747E+01
  0.26282044E+01 -0.21932430E+01
  0.26382625E+01 -0.22277773E+01
  0.26483206E+01 -0.22632407E+01
  0.26583787E+01 -0.22995946E+01
  0.26684368E+01 -0.23367991E+01
  0.26784949E+01 -0.23748136E+01
  0.26885531E+01 -0.24135971E+01
  0.26986112E+01 -0.24531086E+01
  0.27086693E+01 -0.24933073E+01
  0.27187274E+01 -0.25341531E+01
  0.27287855E+01 -0.25756067E+01
  0.27388436E+01 -0.26176296E+01
  0.27489017E+01 -0.26601841E+01
  0.27589598E+01 -0.27032338E+01
  0.27690180E+01 -0.27467428E+01
  0.27790761E+01 -0.27906763E+01
  0.27891342E+01 -0.28350003E+01
  0.27991923E+01 -0.28796812E+01
  0.28092504E+01 -0.29246861E+01
  0.28193085E+01 -0.29699823E+01
  0.28293666E+01 -0.30155374E+01
  0.28394247E+01 -0.30613194E+01
  0.28494829E+01 -0.31072959E+01
  0.28595410E+01 -0.31534348E+01
  0.28695991E+01 -0.31997037E+01
  0.28796572E+01 -0.32460704E+01
  0.28897153E+01 -0.32925022E+01
  0.28997734E+01 -0.33389668E+01
  0.29098315E+01 -0.33854317E+01
  0.29198896E+01 -0.34318645E+01
  0.29299478E+01 -0.34782333E+01
  0.29400059E+01 -0.35245062E+01
  0.29500640E+01 -0.35706521E+01
  0.29601221E+01 -0.36166406E+01
  0.29701802E+01 -0.36624420E+01
  0.29802383E+01 -0.37080278E+01
  0.29902964E+01 -0.37533705E+01
  0.30003545E+01 -0.37984440E+01
  0.30104127E+01 -0.38432237E+01
  0.30204708E+01 -0.38876865E+01
  0.30305289E+01 -0.39318109E+01
  0.30405870E+01 -0.39755772E+01
  0.30506451E+01 -0.40189674E+01
  0.30607032E+01 -0.40619651E+01
  0.30707613E+01 -0.41045560E+01
  0.30808194E+01 -0.41467271E+01
  0.30908776E+01 -0.41884672E+01
  0.31009357E+01 -0.42297666E+01
  0.31109938E+01 -0.42706168E+01
  0.31210519E+01 -0.43110109E+01
  0.31311100E+01 -0.43509428E+01
  0.31411681E+01 -0.43904074E+01
  0.31512262E+01 -0.44294003E+01
  0.31612843E+01 -0.44679179E+01
  0.31713424E+01 -0.45059566E+01
  0.31814006E+01 -0.45435135E+01
  0.31914587E+01 -0.45805854E+01
  0.32015168E+01 -0.46171692E+01
  0.32115749E+01 -0.46532615E+01
  0.32216330E+01 -0.46888588E+01
  0.32316911E+01 -0.47239570E+01
  0.32417492E+01 -0.47585515E+01
  0.32518073E+01 -0.47926374E+01
  0.32618655E+01 -0.48262091E+01
  0.32719236E+01 -0.48592604E+01
  0.32819817E+01 -0.48917847E+01
  0.32920398E+01 -0.49237749E+01
  0.33020979E+01 -0.49552235E+01
  0.33121560E+01 -0.49861227E+01
  0.33222141E+01 -0.50164642E+01
  0.33322722E+01 -0.50462399E+01
  0.33423304E+01 -0.50754414E+01
  0.33523885E+01 -0.51040604E+01
  0.33624466E+01 -0.51320889E+01
  0.33725047E+01 -0.51595191E+01
  0.33825628E+01 -0.51863434E+01
  0.33926209E+01 -0.52125549E+01
  0.34026790E+01 -0.52381472E+01
  0.34127371E+01 -0.52631145E+01
  0.34227953E+01 -0.52874516E+01
  0.34328534E+01 -0.53111541E+01
  0.34429115E+01 -0.53342182E+01
  0.34529696E+01 -0.53566409E+01
  0.34630277E+01 -0.53784199E+01
  0.34730858E+01 -0.53995536E+01
  0.34831439E+01 -0.54200409E+01
  0.34932020E+01 -0.54398814E+01
  0.35032602E+01 -0.54590752E+01
  0.35133183E+01 -0.54776228E+01
  0.35233764E+01 -0.54955248E+01
  0.35334345E+01 -0.55127823E+01
  0.35434926E+01 -0.55293965E+01
  0.35535507E+01 -0.55453686E+01
  0.35636088E+01 -0.55606997E+01
  0.35736669E+01 -0.55753908E+01
  0.35837251E+01 -0.55894427E+01
  0.35937832E+01 -0.56028561E+01
  0.36038413E+01 -0.56156311E+01
  0.36138994E+01 -0.56277677E+01
  0.36239575E+01 -0.56392653E+01
  0.36340156E+01 -0.56501231E+01
  0.36440737E+01 -0.56603397E+01
  0.36541318E+01 -0.56699137E+01
  0.36641900E+01 -0.56788428E+01
  0.36742481E+01 -0.56871251E+01
  0.36843062E+01 -0.56947578E+01
  0.36943643E+01 -0.57017384E+01
  0.37044224E+01 -0.57080641E+01
  0.37144805E+01 -0.57137322E+01
  0.37245386E+01 -0.57187397E+01
  0.37345967E+01 -0.57230843E+01
  0.37446548E+01 -0.57267633E+01
  0.37547130E+01 -0.57297747E+01
  0.37647711E+01 -0.57321166E+01
  0.37748292E+01 -0.57337876E+01
  0.37848873E+01 -0.57347867E+01
  0.37949454E+01 -0.57351133E+01
  
  0.00000000E+00 -0.74464099E+00
  0.10019145E-01 -0.74257099E+00
  0.20038291E-01 -0.73636854E+00
  0.30057436E-01 -0.72607628E+00
  0.40076582E-01 -0.71176351E+00
  0.50095727E-01 -0.69352365E+00
  0.60114873E-01 -0.67147101E+00
  0.70134018E-01 -0.64573702E+00
  0.80153164E-01 -0.61646637E+00
  0.90172309E-01 -0.58381308E+00
  0.10019145E+00 -0.54793686E+00
  0.11021060E+00 -0.50899983E+00
  0.12022975E+00 -0.46716370E+00
  0.13024889E+00 -0.42258739E+00
  0.14026804E+00 -0.37542518E+00
  0.15028718E+00 -0.32582532E+00
  0.16030633E+00 -0.27392899E+00
  0.17032547E+00 -0.21986965E+00
  0.18034462E+00 -0.16377262E+00
  0.19036376E+00 -0.10575497E+00
  0.20038291E+00 -0.45925479E-01
  0.21040205E+00  0.15615192E-01
  0.22042120E+00  0.78774273E-01
  0.23044035E+00  0.14346657E+00
  0.24045949E+00  0.20961412E+00
  0.25047864E+00  0.27714578E+00
  0.26049778E+00  0.34599685E+00
  0.27051693E+00  0.41610864E+00
  0.28053607E+00  0.48742805E+00
  0.29055522E+00  0.55990710E+00
  0.30057436E+00  0.63350256E+00
  0.31059351E+00  0.70817545E+00
  0.32061265E+00  0.78389063E+00
  0.33063180E+00  0.86061637E+00
  0.34065095E+00  0.93832387E+00
  0.35067009E+00  0.10169869E+01
  0.36068924E+00  0.10965811E+01
  0.37070838E+00  0.11770842E+01
  0.38072753E+00  0.12584746E+01
  0.39074667E+00  0.13407318E+01
  0.40076582E+00  0.14238358E+01
  0.41078496E+00  0.15077665E+01
  0.42080411E+00  0.15925032E+01
  0.43082325E+00  0.16780250E+01
  0.44084240E+00  0.17643096E+01
  0.45086155E+00  0.18513337E+01
  0.46088069E+00  0.19390724E+01
  0.47089984E+00  0.20274990E+01
  0.48091898E+00  0.21165853E+01
  0.49093813E+00  0.22063007E+01
  0.50095727E+00  0.22966129E+01
  0.51097642E+00  0.23874875E+01
  0.52099556E+00  0.24788881E+01
  0.53101471E+00  0.25707762E+01
  0.54103385E+00  0.26631118E+01
  0.55105300E+00  0.27558531E+01
  0.56107215E+00  0.28489568E+01
  0.57109129E+00  0.29423783E+01
  0.58111044E+00  0.30360722E+01
  0.59112958E+00  0.31299921E+01
  0.60114873E+00  0.32240911E+01
  0.61116787E+00  0.33183221E+01
  0.62118702E+00  0.34126380E+01
  0.63120616E+00  0.35069917E+01
  0.64122531E+00  0.36013363E+01
  0.65124445E+00  0.36956256E+01
  0.66126360E+00  0.37898136E+01
  0.67128275E+00  0.38838548E+01
  0.68130189E+00  0.39777039E+01
  0.69132104E+00  0.40713160E+01
  0.70134018E+00  0.41646456E+01
  0.71135933E+00  0.42576467E+01
  0.72137847E+00  0.43502720E+01
  0.73139762E+00  0.44424720E+01
  0.74141676E+00  0.45341945E+01
  0.75143591E+00  0.46253831E+01
  0.76145505E+00  0.47159761E+01
  0.77147420E+00  0.48059050E+01
  0.78149335E+00  0.48950926E+01
  0.79151249E+00  0.49834510E+01
  0.80153164E+00  0.50708796E+01
  0.81155078E+00  0.51572620E+01
  0.82156993E+00  0.52424633E+01
  0.83158907E+00  0.53263269E+01
  0.84160822E+00  0.54086707E+01
  0.85162736E+00  0.54892834E+01
  0.86164651E+00  0.55679199E+01
  0.87166565E+00  0.56442971E+01
  0.88168480E+00  0.57180901E+01
  0.89170395E+00  0.57889277E+01
  0.90172309E+00  0.58563899E+01
  0.91174224E+00  0.59200068E+01
  0.92176138E+00  0.59792599E+01
  0.93178053E+00  0.60335874E+01
  0.94179967E+00  0.60823948E+01
  0.95181882E+00  0.61250717E+01
  0.96183796E+00  0.61610156E+01
  0.97185711E+00  0.61896615E+01
  0.98187625E+00  0.62105172E+01
  0.99189540E+00  0.62231987E+01
  0.10019145E+01  0.62274605E+01
  0.10119746E+01  0.62250641E+01
  0.10220347E+01  0.62179343E+01
  0.10320948E+01  0.62061237E+01
  0.10421549E+01  0.61897468E+01
  0.10522150E+01  0.61689569E+01
  0.10622751E+01  0.61439391E+01
  0.10723352E+01  0.61149032E+01
  0.10823953E+01  0.60820761E+01
  0.10924554E+01  0.60456947E+01
  0.11025155E+01  0.60059996E+01
  0.11125756E+01  0.59632291E+01
  0.11226357E+01  0.59176157E+01
  0.11326958E+01  0.58693816E+01
  0.11427559E+01  0.58187373E+01
  0.11528160E+01  0.57658795E+01
  0.11628761E+01  0.57109906E+01
  0.11729362E+01  0.56542385E+01
  0.11829963E+01  0.55957763E+01
  0.11930564E+01  0.55357438E+01
  0.12031165E+01  0.54742674E+01
  0.12131766E+01  0.54114613E+01
  0.12232367E+01  0.53474290E+01
  0.12332968E+01  0.52822632E+01
  0.12433569E+01  0.52160480E+01
  0.12534170E+01  0.51488591E+01
  0.12634771E+01  0.50807649E+01
  0.12735372E+01  0.50118276E+01
  0.12835973E+01  0.49421038E+01
  0.12936574E+01  0.48716453E+01
  0.13037175E+01  0.48004997E+01
  0.13137776E+01  0.47287110E+01
  0.13238377E+01  0.46563206E+01
  0.13338978E+01  0.45833671E+01
  0.13439579E+01  0.45098872E+01
  0.13540180E+01  0.44359159E+01
  0.13640781E+01  0.43614868E+01
  0.13741382E+01  0.42866325E+01
  0.13841983E+01  0.42113847E+01
  0.13942584E+01  0.41357744E+01
  0.14043185E+01  0.40598320E+01
  0.14143786E+01  0.39835871E+01
  0.14244387E+01  0.39070691E+01
  0.14344988E+01  0.38303066E+01
  0.14445589E+01  0.37533275E+01
  0.14546190E+01  0.36761591E+01
  0.14646791E+01  0.35988278E+01
  0.14747391E+01  0.35213587E+01
  0.14847992E+01  0.34437760E+01
  0.14948593E+01  0.33661024E+01
  0.15049194E+01  0.32883590E+01
  0.15149795E+01  0.32105651E+01
  0.15250396E+01  0.31327383E+01
  0.15350997E+01  0.30548941E+01
  0.15451598E+01  0.29770458E+01
  0.15552199E+01  0.28992046E+01
  0.15652800E+01  0.28213794E+01
  0.15753401E+01  0.27435770E+01
  0.15854002E+01  0.26658020E+01
  0.15954603E+01  0.25880570E+01
  0.16055204E+01  0.25103426E+01
  0.16155805E+01  0.24326579E+01
  0.16256406E+01  0.23550003E+01
  0.16357007E+01  0.22773661E+01
  0.16457608E+01  0.21997509E+01
  0.16558209E+01  0.21221496E+01
  0.16658810E+01  0.20445569E+01
  0.16759411E+01  0.19669676E+01
  0.16860012E+01  0.18893771E+01
  0.16960613E+01  0.18117814E+01
  0.17061214E+01  0.17341780E+01
  0.17161815E+01  0.16565654E+01
  0.17262416E+01  0.15789440E+01
  0.17363017E+01  0.15013160E+01
  0.17463618E+01  0.14236855E+01
  0.17564219E+01  0.13460590E+01
  0.17664820E+01  0.12684447E+01
  0.17765421E+01  0.11908532E+01
  0.17866022E+01  0.11132970E+01
  0.17966623E+01  0.10357905E+01
  0.18067224E+01  0.95834999E+00
  0.18167825E+01  0.88099296E+00
  0.18268426E+01  0.80373830E+00
  0.18369027E+01  0.72660578E+00
  0.18469628E+01  0.64961579E+00
  0.18570229E+01  0.57278900E+00
  0.18670830E+01  0.49614605E+00
  0.18771431E+01  0.41970726E+00
  0.18872032E+01  0.34349225E+00
  0.18972633E+01  0.26751976E+00
  0.19073234E+01  0.19180736E+00
  0.19173835E+01  0.11637126E+00
  0.19274436E+01  0.41226130E-01
  0.19375037E+01 -0.33614966E-01
  0.19475638E+01 -0.10814068E+00
  0.19576239E+01 -0.18234139E+00
  0.19676839E+01 -0.25620915E+00
  0.19777440E+01 -0.32973765E+00
  0.19878041E+01 -0.40292209E+00
  0.19978642E+01 -0.47575904E+00
  0.20079243E+01 -0.54824629E+00
  0.20179844E+01 -0.62038263E+00
  0.20280445E+01 -0.69216768E+00
  0.20381046E+01 -0.76360167E+00
  0.20481647E+01 -0.83468520E+00
  0.20582248E+01 -0.90541910E+00
  0.20682849E+01 -0.97580419E+00
  0.20783450E+01 -0.10458411E+01
  0.20884051E+01 -0.11155302E+01
  0.20984652E+01 -0.11848713E+01
  0.21085253E+01 -0.12538637E+01
  0.21185854E+01 -0.13225062E+01
  0.21286455E+01 -0.13907968E+01
  0.21387056E+01 -0.14587327E+01
  0.21487657E+01 -0.15263105E+01
  0.21588258E+01 -0.15935262E+01
  0.21588258E+01 -0.15935259E+01
  0.21688021E+01 -0.15931495E+01
  0.21787785E+01 -0.15920611E+01
  0.21887548E+01 -0.15902401E+01
  0.21987312E+01 -0.15876875E+01
  0.22087075E+01 -0.15844053E+01
  0.22186838E+01 -0.15803964E+01
  0.22286602E+01 -0.15756638E+01
  0.22386365E+01 -0.15702112E+01
  0.22486129E+01 -0.15640427E+01
  0.22585892E+01 -0.15571625E+01
  0.22685655E+01 -0.15495752E+01
  0.22785419E+01 -0.15412852E+01
  0.22885182E+01 -0.15322972E+01
  0.22984946E+01 -0.15226154E+01
  0.23084709E+01 -0.15122441E+01
  0.23184472E+01 -0.15011871E+01
  0.23284236E+01 -0.14894479E+01
  0.23383999E+01 -0.14770295E+01
  0.23483763E+01 -0.14639343E+01
  0.23583526E+01 -0.14501643E+01
  0.23683289E+01 -0.14357207E+01
  0.23783053E+01 -0.14206044E+01
  0.23882816E+01 -0.14048155E+01
  0.23982579E+01 -0.13883535E+01
  0.24082343E+01 -0.13712176E+01
  0.24182106E+01 -0.13534064E+01
  0.24281870E+01 -0.13349180E+01
  0.24381633E+01 -0.13157504E+01
  0.24481396E+01 -0.12959011E+01
  0.24581160E+01 -0.12753676E+01
  0.24680923E+01 -0.12541473E+01
  0.24780687E+01 -0.12322375E+01
  0.24880450E+01 -0.12096359E+01
  0.24980213E+01 -0.11863400E+01
  0.25079977E+01 -0.11623479E+01
  0.25179740E+01 -0.11376579E+01
  0.25279504E+01 -0.11122686E+01
  0.25379267E+01 -0.10861792E+01
  0.25479030E+01 -0.10593894E+01
  0.25578794E+01 -0.10318991E+01
  0.25678557E+01 -0.10037088E+01
  0.25779138E+01 -0.97458004E+00
  0.25879719E+01 -0.94474227E+00
  0.25980300E+01 -0.91419734E+00
  0.26080882E+01 -0.88294742E+00
  0.26181463E+01 -0.85099489E+00
  0.26282044E+01 -0.81834232E+00
  0.26382625E+01 -0.78499234E+00
  0.26483206E+01 -0.75094757E+00
  0.26583787E+01 -0.71621055E+00
  0.26684368E+01 -0.68078357E+00
  0.26784949E+01 -0.64466870E+00
  0.26885531E+01 -0.60786760E+00
  0.26986112E+01 -0.57038155E+00
  0.27086693E+01 -0.53221133E+00
  0.27187274E+01 -0.49335722E+00
  0.27287855E+01 -0.45381897E+00
  0.27388436E+01 -0.41359581E+00
  0.27489017E+01 -0.37268643E+00
  0.27589598E+01 -0.33108908E+00
  0.27690180E+01 -0.28880156E+00
  0.27790761E+01 -0.24582134E+00
  0.27891342E+01 -0.20214563E+00
  0.27991923E+01 -0.15777149E+00
  0.28092504E+01 -0.11269594E+00
  0.28193085E+01 -0.66916094E-01
  0.28293666E+01 -0.20429267E-01
  0.28394247E+01  0.26766860E-01
  0.28494829E+01  0.74674132E-01
  0.28595410E+01  0.12329379E+00
  0.28695991E+01  0.17262634E+00
  0.28796572E+01  0.22267148E+00
  0.28897153E+01  0.27342798E+00
  0.28997734E+01  0.32489362E+00
  0.29098315E+01  0.37706518E+00
  0.29198896E+01  0.42993836E+00
  0.29299478E+01  0.48350780E+00
  0.29400059E+01  0.53776713E+00
  0.29500640E+01  0.59270901E+00
  0.29601221E+01  0.64832521E+00
  0.29701802E+01  0.70460671E+00
  0.29802383E+01  0.76154382E+00
  0.29902964E+01  0.81912636E+00
  0.30003545E+01  0.87734380E+00
  0.30104127E+01  0.93618545E+00
  0.30204708E+01  0.99564064E+00
  0.30305289E+01  0.10556989E+01
  0.30405870E+01  0.11163502E+01
  0.30506451E+01  0.11775851E+01
  0.30607032E+01  0.12393949E+01
  0.30707613E+01  0.13017719E+01
  0.30808194E+01  0.13647093E+01
  0.30908776E+01  0.14282018E+01
  0.31009357E+01  0.14922451E+01
  0.31109938E+01  0.15568363E+01
  0.31210519E+01  0.16219739E+01
  0.31311100E+01  0.16876576E+01
  0.31411681E+01  0.17538885E+01
  0.31512262E+01  0.18206688E+01
  0.31612843E+01  0.18880016E+01
  0.31713424E+01  0.19558912E+01
  0.31814006E+01  0.20243421E+01
  0.31914587E+01  0.20933595E+01
  0.32015168E+01  0.21629487E+01
  0.32115749E+01  0.22331148E+01
  0.32216330E+01  0.23038624E+01
  0.32316911E+01  0.23751954E+01
  0.32417492E+01  0.24471166E+01
  0.32518073E+01  0.25196276E+01
  0.32618655E+01  0.25927280E+01
  0.32719236E+01  0.26664158E+01
  0.32819817E+01  0.27406865E+01
  0.32920398E+01  0.28155335E+01
  0.33020979E+01  0.28909472E+01
  0.33121560E+01  0.29669156E+01
  0.33222141E+01  0.30434236E+01
  0.33322722E+01  0.31204536E+01
  0.33423304E+01  0.31979846E+01
  0.33523885E+01  0.32759932E+01
  0.33624466E+01  0.33544529E+01
  0.33725047E+01  0.34333347E+01
  0.33825628E+01  0.35126073E+01
  0.33926209E+01  0.35922368E+01
  0.34026790E+01  0.36721876E+01
  0.34127371E+01  0.37524221E+01
  0.34227953E+01  0.38329012E+01
  0.34328534E+01  0.39135843E+01
  0.34429115E+01  0.39944301E+01
  0.34529696E+01  0.40753958E+01
  0.34630277E+01  0.41564383E+01
  0.34730858E+01  0.42375134E+01
  0.34831439E+01  0.43185762E+01
  0.34932020E+01  0.43995810E+01
  0.35032602E+01  0.44804809E+01
  0.35133183E+01  0.45612276E+01
  0.35233764E+01  0.46417707E+01
  0.35334345E+01  0.47220572E+01
  0.35434926E+01  0.48020305E+01
  0.35535507E+01  0.48816294E+01
  0.35636088E+01  0.49607866E+01
  0.35736669E+01  0.50394275E+01
  0.35837251E+01  0.51174680E+01
  0.35937832E+01  0.51948122E+01
  0.36038413E+01  0.52713506E+01
  0.36138994E+01  0.53469565E+01
  0.36239575E+01  0.54214834E+01
  0.36340156E+01  0.54947614E+01
  0.36440737E+01  0.55665933E+01
  0.36541318E+01  0.56367510E+01
  0.36641900E+01  0.57049710E+01
  0.36742481E+01  0.57709509E+01
  0.36843062E+01  0.58343462E+01
  0.36943643E+01  0.58947675E+01
  0.37044224E+01  0.59517803E+01
  0.37144805E+01  0.60049069E+01
  0.37245386E+01  0.60536317E+01
  0.37345967E+01  0.60974118E+01
  0.37446548E+01  0.61356924E+01
  0.37547130E+01  0.61679286E+01
  0.37647711E+01  0.61936126E+01
  0.37748292E+01  0.62123036E+01
  0.37848873E+01  0.62236594E+01
  0.37949454E+01  0.62274605E+01
  
  0.00000000E+00  0.50266973E+01
  0.10019145E-01  0.50268365E+01
  0.20038291E-01  0.50273204E+01
  0.30057436E-01  0.50281534E+01
  0.40076582E-01  0.50293373E+01
  0.50095727E-01  0.50308746E+01
  0.60114873E-01  0.50327677E+01
  0.70134018E-01  0.50350196E+01
  0.80153164E-01  0.50376331E+01
  0.90172309E-01  0.50406111E+01
  0.10019145E+00  0.50439562E+01
  0.11021060E+00  0.50476710E+01
  0.12022975E+00  0.50517576E+01
  0.13024889E+00  0.50562177E+01
  0.14026804E+00  0.50610525E+01
  0.15028718E+00  0.50662626E+01
  0.16030633E+00  0.50718481E+01
  0.17032547E+00  0.50778083E+01
  0.18034462E+00  0.50841418E+01
  0.19036376E+00  0.50908467E+01
  0.20038291E+00  0.50979204E+01
  0.21040205E+00  0.51053598E+01
  0.22042120E+00  0.51131614E+01
  0.23044035E+00  0.51213210E+01
  0.24045949E+00  0.51298344E+01
  0.25047864E+00  0.51386953E+01
  0.26049778E+00  0.51478760E+01
  0.27051693E+00  0.51574034E+01
  0.28053607E+00  0.51672749E+01
  0.29055522E+00  0.51774863E+01
  0.30057436E+00  0.51880340E+01
  0.31059351E+00  0.51989140E+01
  0.32061265E+00  0.52101222E+01
  0.33063180E+00  0.52216522E+01
  0.34065095E+00  0.52334938E+01
  0.35067009E+00  0.52456467E+01
  0.36068924E+00  0.52581151E+01
  0.37070838E+00  0.52709004E+01
  0.38072753E+00  0.52840037E+01
  0.39074667E+00  0.52974258E+01
  0.40076582E+00  0.53111676E+01
  0.41078496E+00  0.53252302E+01
  0.42080411E+00  0.53396144E+01
  0.43082325E+00  0.53543204E+01
  0.44084240E+00  0.53693482E+01
  0.45086155E+00  0.53846970E+01
  0.46088069E+00  0.54003649E+01
  0.47089984E+00  0.54163491E+01
  0.48091898E+00  0.54326456E+01
  0.49093813E+00  0.54492487E+01
  0.50095727E+00  0.54661508E+01
  0.51097642E+00  0.54832666E+01
  0.52099556E+00  0.55006532E+01
  0.53101471E+00  0.55183026E+01
  0.54103385E+00  0.55362031E+01
  0.55105300E+00  0.55543415E+01
  0.56107215E+00  0.55727036E+01
  0.57109129E+00  0.55912734E+01
  0.58111044E+00  0.56100340E+01
  0.59112958E+00  0.56289672E+01
  0.60114873E+00  0.56480537E+01
  0.61116787E+00  0.56672733E+01
  0.62118702E+00  0.56866050E+01
  0.63120616E+00  0.57060271E+01
  0.64122531E+00  0.57255173E+01
  0.65124445E+00  0.57450529E+01
  0.66126360E+00  0.57646107E+01
  0.67128275E+00  0.57841676E+01
  0.68130189E+00  0.58036997E+01
  0.69132104E+00  0.58231833E+01
  0.70134018E+00  0.58425943E+01
  0.71135933E+00  0.58619084E+01
  0.72137847E+00  0.58811009E+01
  0.73139762E+00  0.59001467E+01
  0.74141676E+00  0.59190199E+01
  0.75143591E+00  0.59376926E+01
  0.76145505E+00  0.59559539E+01
  0.77147420E+00  0.59739557E+01
  0.78149335E+00  0.59916709E+01
  0.79151249E+00  0.60090711E+01
  0.80153164E+00  0.60261254E+01
  0.81155078E+00  0.60428011E+01
  0.82156993E+00  0.60590627E+01
  0.83158907E+00  0.60748721E+01
  0.84160822E+00  0.60901881E+01
  0.85162736E+00  0.61049669E+01
  0.86164651E+00  0.61191614E+01
  0.87166565E+00  0.61327223E+01
  0.88168480E+00  0.61455974E+01
  0.89170395E+00  0.61577328E+01
  0.90172309E+00  0.61690734E+01
  0.91174224E+00  0.61795632E+01
  0.92176138E+00  0.61891467E+01
  0.93178053E+00  0.61977696E+01
  0.94179967E+00  0.62053800E+01
  0.95181882E+00  0.62119298E+01
  0.96183796E+00  0.62173751E+01
  0.97185711E+00  0.62216781E+01
  0.98187625E+00  0.62248078E+01
  0.99189540E+00  0.62267408E+01
  0.10019145E+01  0.62274614E+01
  0.10119746E+01  0.62258692E+01
  0.10220347E+01  0.62211383E+01
  0.10320948E+01  0.62133323E+01
  0.10421549E+01  0.62025433E+01
  0.10522150E+01  0.61888935E+01
  0.10622751E+01  0.61725302E+01
  0.10723352E+01  0.61536196E+01
  0.10823953E+01  0.61323410E+01
  0.10924554E+01  0.61088810E+01
  0.11025155E+01  0.60834280E+01
  0.11125756E+01  0.60561676E+01
  0.11226357E+01  0.60272795E+01
  0.11326958E+01  0.59969348E+01
  0.11427559E+01  0.59652939E+01
  0.11528160E+01  0.59325053E+01
  0.11628761E+01  0.58987056E+01
  0.11729362E+01  0.58640191E+01
  0.11829963E+01  0.58285577E+01
  0.11930564E+01  0.57924223E+01
  0.12031165E+01  0.57557024E+01
  0.12131766E+01  0.57184780E+01
  0.12232367E+01  0.56808196E+01
  0.12332968E+01  0.56427898E+01
  0.12433569E+01  0.56044435E+01
  0.12534170E+01  0.55658296E+01
  0.12634771E+01  0.55269914E+01
  0.12735372E+01  0.54879674E+01
  0.12835973E+01  0.54487921E+01
  0.12936574E+01  0.54094536E+01
  0.13037175E+01  0.53698847E+01
  0.13137776E+01  0.53302437E+01
  0.13238377E+01  0.52905595E+01
  0.13338978E+01  0.52508594E+01
  0.13439579E+01  0.52111701E+01
  0.13540180E+01  0.51715172E+01
  0.13640781E+01  0.51319257E+01
  0.13741382E+01  0.50924197E+01
  0.13841983E+01  0.50530226E+01
  0.13942584E+01  0.50137574E+01
  0.14043185E+01  0.49746463E+01
  0.14143786E+01  0.49357106E+01
  0.14244387E+01  0.48969714E+01
  0.14344988E+01  0.48584490E+01
  0.14445589E+01  0.48201630E+01
  0.14546190E+01  0.47821327E+01
  0.14646791E+01  0.47443769E+01
  0.14747391E+01  0.47069139E+01
  0.14847992E+01  0.46697618E+01
  0.14948593E+01  0.46329383E+01
  0.15049194E+01  0.45964608E+01
  0.15149795E+01  0.45603467E+01
  0.15250396E+01  0.45246132E+01
  0.15350997E+01  0.44892772E+01
  0.15451598E+01  0.44543556E+01
  0.15552199E+01  0.44198651E+01
  0.15652800E+01  0.43858221E+01
  0.15753401E+01  0.43522430E+01
  0.15854002E+01  0.43190583E+01
  0.15954603E+01  0.42862851E+01
  0.16055204E+01  0.42540238E+01
  0.16155805E+01  0.42222891E+01
  0.16256406E+01  0.41910950E+01
  0.16357007E+01  0.41604544E+01
  0.16457608E+01  0.41303796E+01
  0.16558209E+01  0.41008819E+01
  0.16658810E+01  0.40719713E+01
  0.16759411E+01  0.40436573E+01
  0.16860012E+01  0.40159480E+01
  0.16960613E+01  0.39888504E+01
  0.17061214E+01  0.39623704E+01
  0.17161815E+01  0.39365129E+01
  0.17262416E+01  0.39112812E+01
  0.17363017E+01  0.38866777E+01
  0.17463618E+01  0.38627035E+01
  0.17564219E+01  0.38393584E+01
  0.17664820E+01  0.38166411E+01
  0.17765421E+01  0.37945490E+01
  0.17866022E+01  0.37730784E+01
  0.17966623E+01  0.37522247E+01
  0.18067224E+01  0.37319821E+01
  0.18167825E+01  0.37123441E+01
  0.18268426E+01  0.36933033E+01
  0.18369027E+01  0.36748519E+01
  0.18469628E+01  0.36569814E+01
  0.18570229E+01  0.36396832E+01
  0.18670830E+01  0.36229484E+01
  0.18771431E+01  0.36065386E+01
  0.18872032E+01  0.35905978E+01
  0.18972633E+01  0.35751996E+01
  0.19073234E+01  0.35603432E+01
  0.19173835E+01  0.35460285E+01
  0.19274436E+01  0.35322563E+01
  0.19375037E+01  0.35190280E+01
  0.19475638E+01  0.35063458E+01
  0.19576239E+01  0.34942124E+01
  0.19676839E+01  0.34826310E+01
  0.19777440E+01  0.34716055E+01
  0.19878041E+01  0.34611400E+01
  0.19978642E+01  0.34512387E+01
  0.20079243E+01  0.34419064E+01
  0.20179844E+01  0.34331477E+01
  0.20280445E+01  0.34249673E+01
  0.20381046E+01  0.34173701E+01
  0.20481647E+01  0.34103605E+01
  0.20582248E+01  0.34039431E+01
  0.20682849E+01  0.33981220E+01
  0.20783450E+01  0.33929014E+01
  0.20884051E+01  0.33882849E+01
  0.20984652E+01  0.33842758E+01
  0.21085253E+01  0.33808774E+01
  0.21185854E+01  0.33780924E+01
  0.21286455E+01  0.33759236E+01
  0.21387056E+01  0.33743738E+01
  0.21487657E+01  0.33734474E+01
  0.21588258E+01  0.33731509E+01
  0.21588258E+01  0.33731521E+01
  0.21688021E+01  0.33708971E+01
  0.21787785E+01  0.33641416E+01
  0.21887548E+01  0.33529708E+01
  0.21987312E+01  0.33375223E+01
  0.22087075E+01  0.33179813E+01
  0.22186838E+01  0.32945735E+01
  0.22286602E+01  0.32675569E+01
  0.22386365E+01  0.32372142E+01
  0.22486129E+01  0.32038440E+01
  0.22585892E+01  0.31677537E+01
  0.22685655E+01  0.31292529E+01
  0.22785419E+01  0.30886474E+01
  0.22885182E+01  0.30462353E+01
  0.22984946E+01  0.30023031E+01
  0.23084709E+01  0.29571236E+01
  0.23184472E+01  0.29109544E+01
  0.23284236E+01  0.28640374E+01
  0.23383999E+01  0.28165981E+01
  0.23483763E+01  0.27688469E+01
  0.23583526E+01  0.27209789E+01
  0.23683289E+01  0.26731755E+01
  0.23783053E+01  0.26256050E+01
  0.23882816E+01  0.25784241E+01
  0.23982579E+01  0.25317786E+01
  0.24082343E+01  0.24858051E+01
  0.24182106E+01  0.24406310E+01
  0.24281870E+01  0.23963762E+01
  0.24381633E+01  0.23531533E+01
  0.24481396E+01  0.23110683E+01
  0.24581160E+01  0.22702210E+01
  0.24680923E+01  0.22307051E+01
  0.24780687E+01  0.21926084E+01
  0.24880450E+01  0.21560129E+01
  0.24980213E+01  0.21209945E+01
  0.25079977E+01  0.20876230E+01
  0.25179740E+01  0.20559620E+01
  0.25279504E+01  0.20260682E+01
  0.25379267E+01  0.19979918E+01
  0.25479030E+01  0.19717759E+01
  0.25578794E+01  0.19474567E+01
  0.25678557E+01  0.19250628E+01
  0.25779138E+01  0.19044567E+01
  0.25879719E+01  0.18858449E+01
  0.25980300E+01  0.18692353E+01
  0.26080882E+01  0.18546295E+01
  0.26181463E+01  0.18420222E+01
  0.26282044E+01  0.18314026E+01
  0.26382625E+01  0.18227548E+01
  0.26483206E+01  0.18160578E+01
  0.26583787E+01  0.18112871E+01
  0.26684368E+01  0.18084144E+01
  0.26784949E+01  0.18074091E+01
  0.26885531E+01  0.18082382E+01
  0.26986112E+01  0.18108677E+01
  0.27086693E+01  0.18152624E+01
  0.27187274E+01  0.18213869E+01
  0.27287855E+01  0.18292058E+01
  0.27388436E+01  0.18386843E+01
  0.27489017E+01  0.18497882E+01
  0.27589598E+01  0.18624842E+01
  0.27690180E+01  0.18767405E+01
  0.27790761E+01  0.18925260E+01
  0.27891342E+01  0.19098110E+01
  0.27991923E+01  0.19285671E+01
  0.28092504E+01  0.19487666E+01
  0.28193085E+01  0.19703828E+01
  0.28293666E+01  0.19933898E+01
  0.28394247E+01  0.20177619E+01
  0.28494829E+01  0.20434739E+01
  0.28595410E+01  0.20705005E+01
  0.28695991E+01  0.20988159E+01
  0.28796572E+01  0.21283943E+01
  0.28897153E+01  0.21592088E+01
  0.28997734E+01  0.21912318E+01
  0.29098315E+01  0.22244348E+01
  0.29198896E+01  0.22587879E+01
  0.29299478E+01  0.22942603E+01
  0.29400059E+01  0.23308197E+01
  0.29500640E+01  0.23684329E+01
  0.29601221E+01  0.24070654E+01
  0.29701802E+01  0.24466818E+01
  0.29802383E+01  0.24872458E+01
  0.29902964E+01  0.25287206E+01
  0.30003545E+01  0.25710688E+01
  0.30104127E+01  0.26142530E+01
  0.30204708E+01  0.26582361E+01
  0.30305289E+01  0.27029813E+01
  0.30405870E+01  0.27484525E+01
  0.30506451E+01  0.27946151E+01
  0.30607032E+01  0.28414354E+01
  0.30707613E+01  0.28888816E+01
  0.30808194E+01  0.29369240E+01
  0.30908776E+01  0.29855349E+01
  0.31009357E+01  0.30346887E+01
  0.31109938E+01  0.30843626E+01
  0.31210519E+01  0.31345361E+01
  0.31311100E+01  0.31851914E+01
  0.31411681E+01  0.32363129E+01
  0.31512262E+01  0.32878876E+01
  0.31612843E+01  0.33399047E+01
  0.31713424E+01  0.33923550E+01
  0.31814006E+01  0.34452314E+01
  0.31914587E+01  0.34985278E+01
  0.32015168E+01  0.35522391E+01
  0.32115749E+01  0.36063606E+01
  0.32216330E+01  0.36608878E+01
  0.32316911E+01  0.37158155E+01
  0.32417492E+01  0.37711375E+01
  0.32518073E+01  0.38268463E+01
  0.32618655E+01  0.38829324E+01
  0.32719236E+01  0.39393839E+01
  0.32819817E+01  0.39961858E+01
  0.32920398E+01  0.40533204E+01
  0.33020979E+01  0.41107661E+01
  0.33121560E+01  0.41684976E+01
  0.33222141E+01  0.42264859E+01
  0.33322722E+01  0.42846977E+01
  0.33423304E+01  0.43430957E+01
  0.33523885E+01  0.44016389E+01
  0.33624466E+01  0.44602822E+01
  0.33725047E+01  0.45189770E+01
  0.33825628E+01  0.45776716E+01
  0.33926209E+01  0.46363114E+01
  0.34026790E+01  0.46948392E+01
  0.34127371E+01  0.47531960E+01
  0.34227953E+01  0.48113214E+01
  0.34328534E+01  0.48691542E+01
  0.34429115E+01  0.49266326E+01
  0.34529696E+01  0.49836950E+01
  0.34630277E+01  0.50402807E+01
  0.34730858E+01  0.50963295E+01
  0.34831439E+01  0.51517829E+01
  0.34932020E+01  0.52065836E+01
  0.35032602E+01  0.52606761E+01
  0.35133183E+01  0.53140065E+01
  0.35233764E+01  0.53665223E+01
  0.35334345E+01  0.54181722E+01
  0.35434926E+01  0.54689055E+01
  0.35535507E+01  0.55186720E+01
  0.35636088E+01  0.55674206E+01
  0.35736669E+01  0.56150994E+01
  0.35837251E+01  0.56616540E+01
  0.35937832E+01  0.57070270E+01
  0.36038413E+01  0.57511569E+01
  0.36138994E+01  0.57939774E+01
  0.36239575E+01  0.58354160E+01
  0.36340156E+01  0.58753934E+01
  0.36440737E+01  0.59138230E+01
  0.36541318E+01  0.59506102E+01
  0.36641900E+01  0.59856522E+01
  0.36742481E+01  0.60188383E+01
  0.36843062E+01  0.60500504E+01
  0.36943643E+01  0.60791638E+01
  0.37044224E+01  0.61060493E+01
  0.37144805E+01  0.61305746E+01
  0.37245386E+01  0.61526074E+01
  0.37345967E+01  0.61720184E+01
  0.37446548E+01  0.61886844E+01
  0.37547130E+01  0.62024927E+01
  0.37647711E+01  0.62133443E+01
  0.37748292E+01  0.62211580E+01
  0.37848873E+01  0.62258728E+01
  0.37949454E+01  0.62274614E+01
  
  0.00000000E+00  0.50267004E+01
  0.10019145E-01  0.50269128E+01
  0.20038291E-01  0.50274736E+01
  0.30057436E-01  0.50283800E+01
  0.40076582E-01  0.50296322E+01
  0.50095727E-01  0.50312312E+01
  0.60114873E-01  0.50331784E+01
  0.70134018E-01  0.50354755E+01
  0.80153164E-01  0.50381246E+01
  0.90172309E-01  0.50411279E+01
  0.10019145E+00  0.50444880E+01
  0.11021060E+00  0.50482072E+01
  0.12022975E+00  0.50522880E+01
  0.13024889E+00  0.50567326E+01
  0.14026804E+00  0.50615430E+01
  0.15028718E+00  0.50667207E+01
  0.16030633E+00  0.50722669E+01
  0.17032547E+00  0.50781823E+01
  0.18034462E+00  0.50844670E+01
  0.19036376E+00  0.50911206E+01
  0.20038291E+00  0.50981422E+01
  0.21040205E+00  0.51055301E+01
  0.22042120E+00  0.51132822E+01
  0.23044035E+00  0.51213961E+01
  0.24045949E+00  0.51298687E+01
  0.25047864E+00  0.51386985E+01
  0.26049778E+00  0.51479052E+01
  0.27051693E+00  0.51574532E+01
  0.28053607E+00  0.51673374E+01
  0.29055522E+00  0.51775538E+01
  0.30057436E+00  0.51880987E+01
  0.31059351E+00  0.51989693E+01
  0.32061265E+00  0.52101637E+01
  0.33063180E+00  0.52216833E+01
  0.34065095E+00  0.52335342E+01
  0.35067009E+00  0.52457133E+01
  0.36068924E+00  0.52582142E+01
  0.37070838E+00  0.52710341E+01
  0.38072753E+00  0.52841714E+01
  0.39074667E+00  0.52976251E+01
  0.40076582E+00  0.53113942E+01
  0.41078496E+00  0.53254782E+01
  0.42080411E+00  0.53398763E+01
  0.43082325E+00  0.53545876E+01
  0.44084240E+00  0.53696108E+01
  0.45086155E+00  0.53849443E+01
  0.46088069E+00  0.54005857E+01
  0.47089984E+00  0.54165318E+01
  0.48091898E+00  0.54327787E+01
  0.49093813E+00  0.54493211E+01
  0.50095727E+00  0.54661537E+01
  0.51097642E+00  0.54833458E+01
  0.52099556E+00  0.55008208E+01
  0.53101471E+00  0.55185650E+01
  0.54103385E+00  0.55365646E+01
  0.55105300E+00  0.55548047E+01
  0.56107215E+00  0.55732683E+01
  0.57109129E+00  0.55919374E+01
  0.58111044E+00  0.56107923E+01
  0.59112958E+00  0.56298126E+01
  0.60114873E+00  0.56489763E+01
  0.61116787E+00  0.56682611E+01
  0.62118702E+00  0.56876436E+01
  0.63120616E+00  0.57071004E+01
  0.64122531E+00  0.57266074E+01
  0.65124445E+00  0.57461406E+01
  0.66126360E+00  0.57656758E+01
  0.67128275E+00  0.57851892E+01
  0.68130189E+00  0.58046570E+01
  0.69132104E+00  0.58240555E+01
  0.70134018E+00  0.58433616E+01
  0.71135933E+00  0.58625519E+01
  0.72137847E+00  0.58816035E+01
  0.73139762E+00  0.59004932E+01
  0.74141676E+00  0.59191975E+01
  0.75143591E+00  0.59376940E+01
  0.76145505E+00  0.59561414E+01
  0.77147420E+00  0.59743331E+01
  0.78149335E+00  0.59922388E+01
  0.79151249E+00  0.60098264E+01
  0.80153164E+00  0.60270616E+01
  0.81155078E+00  0.60439081E+01
  0.82156993E+00  0.60603271E+01
  0.83158907E+00  0.60762772E+01
  0.84160822E+00  0.60917144E+01
  0.85162736E+00  0.61065920E+01
  0.86164651E+00  0.61208608E+01
  0.87166565E+00  0.61344693E+01
  0.88168480E+00  0.61473643E+01
  0.89170395E+00  0.61594907E+01
  0.90172309E+00  0.61707928E+01
  0.91174224E+00  0.61812150E+01
  0.92176138E+00  0.61907022E+01
  0.93178053E+00  0.61992015E+01
  0.94179967E+00  0.62066626E+01
  0.95181882E+00  0.62130395E+01
  0.96183796E+00  0.62182911E+01
  0.97185711E+00  0.62223827E+01
  0.98187625E+00  0.62252868E+01
  0.99189540E+00  0.62269838E+01
  0.10019145E+01  0.62274632E+01
  0.10119746E+01  0.62259167E+01
  0.10220347E+01  0.62212333E+01
  0.10320948E+01  0.62134808E+01
  0.10421549E+01  0.62027495E+01
  0.10522150E+01  0.61891600E+01
  0.10622751E+01  0.61728580E+01
  0.10723352E+01  0.61540085E+01
  0.10823953E+01  0.61327895E+01
  0.10924554E+01  0.61093867E+01
  0.11025155E+01  0.60839879E+01
  0.11125756E+01  0.60567788E+01
  0.11226357E+01  0.60279390E+01
  0.11326958E+01  0.59976395E+01
  0.11427559E+01  0.59660406E+01
  0.11528160E+01  0.59332901E+01
  0.11628761E+01  0.58995235E+01
  0.11729362E+01  0.58648632E+01
  0.11829963E+01  0.58294193E+01
  0.11930564E+01  0.57932900E+01
  0.12031165E+01  0.57565626E+01
  0.12131766E+01  0.57193145E+01
  0.12232367E+01  0.56816144E+01
  0.12332968E+01  0.56435232E+01
  0.12433569E+01  0.56050953E+01
  0.12534170E+01  0.55663791E+01
  0.12634771E+01  0.55274185E+01
  0.12735372E+01  0.54882534E+01
  0.12835973E+01  0.54489205E+01
  0.12936574E+01  0.54094969E+01
  0.13037175E+01  0.53701102E+01
  0.13137776E+01  0.53306585E+01
  0.13238377E+01  0.52911663E+01
  0.13338978E+01  0.52516569E+01
  0.13439579E+01  0.52121528E+01
  0.13540180E+01  0.51726752E+01
  0.13640781E+01  0.51332454E+01
  0.13741382E+01  0.50938840E+01
  0.13841983E+01  0.50546114E+01
  0.13942584E+01  0.50154481E+01
  0.14043185E+01  0.49764144E+01
  0.14143786E+01  0.49375306E+01
  0.14244387E+01  0.48988171E+01
  0.14344988E+01  0.48602945E+01
  0.14445589E+01  0.48219830E+01
  0.14546190E+01  0.47839033E+01
  0.14646791E+01  0.47460757E+01
  0.14747391E+01  0.47085208E+01
  0.14847992E+01  0.46712588E+01
  0.14948593E+01  0.46343099E+01
  0.15049194E+01  0.45976941E+01
  0.15149795E+01  0.45614312E+01
  0.15250396E+01  0.45255405E+01
  0.15350997E+01  0.44900414E+01
  0.15451598E+01  0.44549525E+01
  0.15552199E+01  0.44202922E+01
  0.15652800E+01  0.43860783E+01
  0.15753401E+01  0.43523281E+01
  0.15854002E+01  0.43191435E+01
  0.15954603E+01  0.42865391E+01
  0.16055204E+01  0.42544445E+01
  0.16155805E+01  0.42228741E+01
  0.16256406E+01  0.41918413E+01
  0.16357007E+01  0.41613585E+01
  0.16457608E+01  0.41314372E+01
  0.16558209E+01  0.41020879E+01
  0.16658810E+01  0.40733197E+01
  0.16759411E+01  0.40451403E+01
  0.16860012E+01  0.40175564E+01
  0.16960613E+01  0.39905729E+01
  0.17061214E+01  0.39641937E+01
  0.17161815E+01  0.39384209E+01
  0.17262416E+01  0.39132555E+01
  0.17363017E+01  0.38886972E+01
  0.17463618E+01  0.38647446E+01
  0.17564219E+01  0.38413951E+01
  0.17664820E+01  0.38186451E+01
  0.17765421E+01  0.37964905E+01
  0.17866022E+01  0.37749264E+01
  0.17966623E+01  0.37539475E+01
  0.18067224E+01  0.37335482E+01
  0.18167825E+01  0.37137230E+01
  0.18268426E+01  0.36944662E+01
  0.18369027E+01  0.36757726E+01
  0.18469628E+01  0.36576372E+01
  0.18570229E+01  0.36400555E+01
  0.18670830E+01  0.36230237E+01
  0.18771431E+01  0.36067685E+01
  0.18872032E+01  0.35911350E+01
  0.18972633E+01  0.35760400E+01
  0.19073234E+01  0.35614763E+01
  0.19173835E+01  0.35474375E+01
  0.19274436E+01  0.35339182E+01
  0.19375037E+01  0.35209143E+01
  0.19475638E+01  0.35084230E+01
  0.19576239E+01  0.34964429E+01
  0.19676839E+01  0.34849740E+01
  0.19777440E+01  0.34740181E+01
  0.19878041E+01  0.34635784E+01
  0.19978642E+01  0.34536597E+01
  0.20079243E+01  0.34442679E+01
  0.20179844E+01  0.34354108E+01
  0.20280445E+01  0.34270970E+01
  0.20381046E+01  0.34193362E+01
  0.20481647E+01  0.34121389E+01
  0.20582248E+01  0.34055161E+01
  0.20682849E+01  0.33994791E+01
  0.20783450E+01  0.33940394E+01
  0.20884051E+01  0.33892080E+01
  0.20984652E+01  0.33849955E+01
  0.21085253E+01  0.33814117E+01
  0.21185854E+01  0.33784650E+01
  0.21286455E+01  0.33761626E+01
  0.21387056E+01  0.33745093E+01
  0.21487657E+01  0.33735069E+01
  0.21588258E+01  0.33731523E+01
  0.21588258E+01  0.33731540E+01
  0.21688021E+01  0.33734087E+01
  0.21787785E+01  0.33741431E+01
  0.21887548E+01  0.33753575E+01
  0.21987312E+01  0.33770529E+01
  0.22087075E+01  0.33792309E+01
  0.22186838E+01  0.33818936E+01
  0.22286602E+01  0.33850434E+01
  0.22386365E+01  0.33886834E+01
  0.22486129E+01  0.33928168E+01
  0.22585892E+01  0.33974473E+01
  0.22685655E+01  0.34025788E+01
  0.22785419E+01  0.34082155E+01
  0.22885182E+01  0.34143615E+01
  0.22984946E+01  0.34210210E+01
  0.23084709E+01  0.34281984E+01
  0.23184472E+01  0.34358976E+01
  0.23284236E+01  0.34441225E+01
  0.23383999E+01  0.34528768E+01
  0.23483763E+01  0.34621637E+01
  0.23583526E+01  0.34719860E+01
  0.23683289E+01  0.34823461E+01
  0.23783053E+01  0.34932459E+01
  0.23882816E+01  0.35046864E+01
  0.23982579E+01  0.35166683E+01
  0.24082343E+01  0.35291914E+01
  0.24182106E+01  0.35422549E+01
  0.24281870E+01  0.35558572E+01
  0.24381633E+01  0.35699959E+01
  0.24481396E+01  0.35846681E+01
  0.24581160E+01  0.35998698E+01
  0.24680923E+01  0.36155964E+01
  0.24780687E+01  0.36318427E+01
  0.24880450E+01  0.36486026E+01
  0.24980213E+01  0.36658695E+01
  0.25079977E+01  0.36836360E+01
  0.25179740E+01  0.37018944E+01
  0.25279504E+01  0.37206361E+01
  0.25379267E+01  0.37398522E+01
  0.25479030E+01  0.37595335E+01
  0.25578794E+01  0.37796701E+01
  0.25678557E+01  0.38002520E+01
  0.25779138E+01  0.38214429E+01
  0.25879719E+01  0.38430650E+01
  0.25980300E+01  0.38651075E+01
  0.26080882E+01  0.38875591E+01
  0.26181463E+01  0.39104086E+01
  0.26282044E+01  0.39336448E+01
  0.26382625E+01  0.39572564E+01
  0.26483206E+01  0.39812322E+01
  0.26583787E+01  0.40055610E+01
  0.26684368E+01  0.40302317E+01
  0.26784949E+01  0.40552335E+01
  0.26885531E+01  0.40805553E+01
  0.26986112E+01  0.41061865E+01
  0.27086693E+01  0.41321165E+01
  0.27187274E+01  0.41583348E+01
  0.27287855E+01  0.41848310E+01
  0.27388436E+01  0.42115949E+01
  0.27489017E+01  0.42386164E+01
  0.27589598E+01  0.42658852E+01
  0.27690180E+01  0.42933916E+01
  0.27790761E+01  0.43211254E+01
  0.27891342E+01  0.43490768E+01
  0.27991923E+01  0.43772359E+01
  0.28092504E+01  0.44055926E+01
  0.28193085E+01  0.44341369E+01
  0.28293666E+01  0.44628589E+01
  0.28394247E+01  0.44917482E+01
  0.28494829E+01  0.45207947E+01
  0.28595410E+01  0.45499879E+01
  0.28695991E+01  0.45793171E+01
  0.28796572E+01  0.46087717E+01
  0.28897153E+01  0.46383406E+01
  0.28997734E+01  0.46680126E+01
  0.29098315E+01  0.46977763E+01
  0.29198896E+01  0.47276199E+01
  0.29299478E+01  0.47575314E+01
  0.29400059E+01  0.47874987E+01
  0.29500640E+01  0.48175090E+01
  0.29601221E+01  0.48475495E+01
  0.29701802E+01  0.48776070E+01
  0.29802383E+01  0.49076679E+01
  0.29902964E+01  0.49377183E+01
  0.30003545E+01  0.49677440E+01
  0.30104127E+01  0.49977304E+01
  0.30204708E+01  0.50276626E+01
  0.30305289E+01  0.50575252E+01
  0.30405870E+01  0.50873026E+01
  0.30506451E+01  0.51169788E+01
  0.30607032E+01  0.51465376E+01
  0.30707613E+01  0.51759623E+01
  0.30808194E+01  0.52052359E+01
  0.30908776E+01  0.52343412E+01
  0.31009357E+01  0.52632609E+01
  0.31109938E+01  0.52919771E+01
  0.31210519E+01  0.53204719E+01
  0.31311100E+01  0.53487274E+01
  0.31411681E+01  0.53767252E+01
  0.31512262E+01  0.54044473E+01
  0.31612843E+01  0.54318753E+01
  0.31713424E+01  0.54589910E+01
  0.31814006E+01  0.54857762E+01
  0.31914587E+01  0.55122131E+01
  0.32015168E+01  0.55382838E+01
  0.32115749E+01  0.55639711E+01
  0.32216330E+01  0.55892578E+01
  0.32316911E+01  0.56141273E+01
  0.32417492E+01  0.56385637E+01
  0.32518073E+01  0.56625514E+01
  0.32618655E+01  0.56860758E+01
  0.32719236E+01  0.57091228E+01
  0.32819817E+01  0.57316794E+01
  0.32920398E+01  0.57537332E+01
  0.33020979E+01  0.57752731E+01
  0.33121560E+01  0.57962887E+01
  0.33222141E+01  0.58167711E+01
  0.33322722E+01  0.58367121E+01
  0.33423304E+01  0.58561049E+01
  0.33523885E+01  0.58749439E+01
  0.33624466E+01  0.58932248E+01
  0.33725047E+01  0.59109444E+01
  0.33825628E+01  0.59281008E+01
  0.33926209E+01  0.59446933E+01
  0.34026790E+01  0.59607224E+01
  0.34127371E+01  0.59761900E+01
  0.34227953E+01  0.59910990E+01
  0.34328534E+01  0.60054533E+01
  0.34429115E+01  0.60192581E+01
  0.34529696E+01  0.60325194E+01
  0.34630277E+01  0.60452442E+01
  0.34730858E+01  0.60574404E+01
  0.34831439E+01  0.60691164E+01
  0.34932020E+01  0.60802817E+01
  0.35032602E+01  0.60909460E+01
  0.35133183E+01  0.61011197E+01
  0.35233764E+01  0.61108134E+01
  0.35334345E+01  0.61200382E+01
  0.35434926E+01  0.61288053E+01
  0.35535507E+01  0.61371261E+01
  0.35636088E+01  0.61450117E+01
  0.35736669E+01  0.61524736E+01
  0.35837251E+01  0.61595228E+01
  0.35937832E+01  0.61661702E+01
  0.36038413E+01  0.61724263E+01
  0.36138994E+01  0.61783015E+01
  0.36239575E+01  0.61838055E+01
  0.36340156E+01  0.61889477E+01
  0.36440737E+01  0.61937369E+01
  0.36541318E+01  0.61981815E+01
  0.36641900E+01  0.62022891E+01
  0.36742481E+01  0.62060670E+01
  0.36843062E+01  0.62095217E+01
  0.36943643E+01  0.62126591E+01
  0.37044224E+01  0.62154847E+01
  0.37144805E+01  0.62180031E+01
  0.37245386E+01  0.62202185E+01
  0.37345967E+01  0.62221345E+01
  0.37446548E+01  0.62237540E+01
  0.37547130E+01  0.62250796E+01
  0.37647711E+01  0.62261130E+01
  0.37748292E+01  0.62268557E+01
  0.37848873E+01  0.62273085E+01
  0.37949454E+01  0.62274632E+01
  
  0.00000000E+00  0.84361156E+01
  0.10019145E-01  0.84361677E+01
  0.20038291E-01  0.84363517E+01
  0.30057436E-01  0.84366698E+01
  0.40076582E-01  0.84371253E+01
  0.50095727E-01  0.84377227E+01
  0.60114873E-01  0.84384675E+01
  0.70134018E-01  0.84393659E+01
  0.80153164E-01  0.84404249E+01
  0.90172309E-01  0.84416519E+01
  0.10019145E+00  0.84430547E+01
  0.11021060E+00  0.84446410E+01
  0.12022975E+00  0.84464187E+01
  0.13024889E+00  0.84483951E+01
  0.14026804E+00  0.84505771E+01
  0.15028718E+00  0.84529710E+01
  0.16030633E+00  0.84555823E+01
  0.17032547E+00  0.84584154E+01
  0.18034462E+00  0.84614740E+01
  0.19036376E+00  0.84647604E+01
  0.20038291E+00  0.84682760E+01
  0.21040205E+00  0.84720212E+01
  0.22042120E+00  0.84759951E+01
  0.23044035E+00  0.84801961E+01
  0.24045949E+00  0.84846215E+01
  0.25047864E+00  0.84892680E+01
  0.26049778E+00  0.84941316E+01
  0.27051693E+00  0.84992079E+01
  0.28053607E+00  0.85044922E+01
  0.29055522E+00  0.85099798E+01
  0.30057436E+00  0.85156659E+01
  0.31059351E+00  0.85215461E+01
  0.32061265E+00  0.85276162E+01
  0.33063180E+00  0.85338729E+01
  0.34065095E+00  0.85403131E+01
  0.35067009E+00  0.85469347E+01
  0.36068924E+00  0.85537363E+01
  0.37070838E+00  0.85607174E+01
  0.38072753E+00  0.85678783E+01
  0.39074667E+00  0.85752198E+01
  0.40076582E+00  0.85827437E+01
  0.41078496E+00  0.85904522E+01
  0.42080411E+00  0.85983477E+01
  0.43082325E+00  0.86064332E+01
  0.44084240E+00  0.86147113E+01
  0.45086155E+00  0.86231847E+01
  0.46088069E+00  0.86318554E+01
  0.47089984E+00  0.86407248E+01
  0.48091898E+00  0.86497932E+01
  0.49093813E+00  0.86590599E+01
  0.50095727E+00  0.86685224E+01
  0.51097642E+00  0.86781768E+01
  0.52099556E+00  0.86880171E+01
  0.53101471E+00  0.86980352E+01
  0.54103385E+00  0.87082208E+01
  0.55105300E+00  0.87185612E+01
  0.56107215E+00  0.87290411E+01
  0.57109129E+00  0.87396428E+01
  0.58111044E+00  0.87503459E+01
  0.59112958E+00  0.87611275E+01
  0.60114873E+00  0.87719622E+01
  0.61116787E+00  0.87828220E+01
  0.62118702E+00  0.87936767E+01
  0.63120616E+00  0.88044937E+01
  0.64122531E+00  0.88152383E+01
  0.65124445E+00  0.88258738E+01
  0.66126360E+00  0.88363616E+01
  0.67128275E+00  0.88466612E+01
  0.68130189E+00  0.88567306E+01
  0.69132104E+00  0.88665260E+01
  0.70134018E+00  0.88760019E+01
  0.71135933E+00  0.88851112E+01
  0.72137847E+00  0.88938048E+01
  0.73139762E+00  0.89020316E+01
  0.74141676E+00  0.89097382E+01
  0.75143591E+00  0.89168680E+01
  0.76145505E+00  0.89233612E+01
  0.77147420E+00  0.89291537E+01
  0.78149335E+00  0.89341763E+01
  0.79151249E+00  0.89383540E+01
  0.80153164E+00  0.89416044E+01
  0.81155078E+00  0.89438373E+01
  0.82156993E+00  0.89449536E+01
  0.83158907E+00  0.89448454E+01
  0.84160822E+00  0.89433965E+01
  0.85162736E+00  0.89404849E+01
  0.86164651E+00  0.89359857E+01
  0.87166565E+00  0.89297290E+01
  0.88168480E+00  0.89128958E+01
  0.89170395E+00  0.88935084E+01
  0.90172309E+00  0.88753885E+01
  0.91174224E+00  0.88586438E+01
  0.92176138E+00  0.88433718E+01
  0.93178053E+00  0.88296644E+01
  0.94179967E+00  0.88176077E+01
  0.95181882E+00  0.88072799E+01
  0.96183796E+00  0.87987503E+01
  0.97185711E+00  0.87920774E+01
  0.98187625E+00  0.87873075E+01
  0.99189540E+00  0.87844744E+01
  0.10019145E+01  0.87835949E+01
  0.10119746E+01  0.87832820E+01
  0.10220347E+01  0.87823098E+01
  0.10320948E+01  0.87806809E+01
  0.10421549E+01  0.87783958E+01
  0.10522150E+01  0.87754554E+01
  0.10622751E+01  0.87718609E+01
  0.10723352E+01  0.87676142E+01
  0.10823953E+01  0.87627180E+01
  0.10924554E+01  0.87571758E+01
  0.11025155E+01  0.87509924E+01
  0.11125756E+01  0.87441737E+01
  0.11226357E+01  0.87367269E+01
  0.11326958E+01  0.87286609E+01
  0.11427559E+01  0.87199863E+01
  0.11528160E+01  0.87107152E+01
  0.11628761E+01  0.87008615E+01
  0.11729362E+01  0.86904408E+01
  0.11829963E+01  0.86794703E+01
  0.11930564E+01  0.86679687E+01
  0.12031165E+01  0.86559558E+01
  0.12131766E+01  0.86434529E+01
  0.12232367E+01  0.86304820E+01
  0.12332968E+01  0.86170656E+01
  0.12433569E+01  0.86032269E+01
  0.12534170E+01  0.85889890E+01
  0.12634771E+01  0.85743747E+01
  0.12735372E+01  0.85594067E+01
  0.12835973E+01  0.85441070E+01
  0.12936574E+01  0.85284965E+01
  0.13037175E+01  0.85125953E+01
  0.13137776E+01  0.84964224E+01
  0.13238377E+01  0.84799956E+01
  0.13338978E+01  0.84633315E+01
  0.13439579E+01  0.84464455E+01
  0.13540180E+01  0.84293518E+01
  0.13640781E+01  0.84120640E+01
  0.13741382E+01  0.83945946E+01
  0.13841983E+01  0.83769557E+01
  0.13942584E+01  0.83591588E+01
  0.14043185E+01  0.83412157E+01
  0.14143786E+01  0.83231380E+01
  0.14244387E+01  0.83049379E+01
  0.14344988E+01  0.82866282E+01
  0.14445589E+01  0.82682226E+01
  0.14546190E+01  0.82497359E+01
  0.14646791E+01  0.82311843E+01
  0.14747391E+01  0.82125854E+01
  0.14847992E+01  0.81939581E+01
  0.14948593E+01  0.81753233E+01
  0.15049194E+01  0.81567033E+01
  0.15149795E+01  0.81381219E+01
  0.15250396E+01  0.81196049E+01
  0.15350997E+01  0.81011792E+01
  0.15451598E+01  0.80828731E+01
  0.15552199E+01  0.80647164E+01
  0.15652800E+01  0.80467397E+01
  0.15753401E+01  0.80289746E+01
  0.15854002E+01  0.80114535E+01
  0.15954603E+01  0.79942093E+01
  0.16055204E+01  0.79772752E+01
  0.16155805E+01  0.79606848E+01
  0.16256406E+01  0.79444716E+01
  0.16357007E+01  0.79286691E+01
  0.16457608E+01  0.79133106E+01
  0.16558209E+01  0.78984292E+01
  0.16658810E+01  0.78840575E+01
  0.16759411E+01  0.78702278E+01
  0.16860012E+01  0.78569715E+01
  0.16960613E+01  0.78443199E+01
  0.17061214E+01  0.78323035E+01
  0.17161815E+01  0.78209519E+01
  0.17262416E+01  0.78102944E+01
  0.17363017E+01  0.78003593E+01
  0.17463618E+01  0.77911741E+01
  0.17564219E+01  0.77827656E+01
  0.17664820E+01  0.77751596E+01
  0.17765421E+01  0.77683810E+01
  0.17866022E+01  0.77624535E+01
  0.17966623E+01  0.77574000E+01
  0.18067224E+01  0.77532421E+01
  0.18167825E+01  0.77500000E+01
  0.18268426E+01  0.77476930E+01
  0.18369027E+01  0.77463388E+01
  0.18469628E+01  0.77459538E+01
  0.18570229E+01  0.77465531E+01
  0.18670830E+01  0.77481501E+01
  0.18771431E+01  0.77507573E+01
  0.18872032E+01  0.77543855E+01
  0.18972633E+01  0.77590444E+01
  0.19073234E+01  0.77647423E+01
  0.19173835E+01  0.77714867E+01
  0.19274436E+01  0.77792839E+01
  0.19375037E+01  0.77881393E+01
  0.19475638E+01  0.77980579E+01
  0.19576239E+01  0.78090440E+01
  0.19676839E+01  0.78211015E+01
  0.19777440E+01  0.78342342E+01
  0.19878041E+01  0.78484457E+01
  0.19978642E+01  0.78637399E+01
  0.20079243E+01  0.78801206E+01
  0.20179844E+01  0.78975921E+01
  0.20280445E+01  0.79161591E+01
  0.20381046E+01  0.79358267E+01
  0.20481647E+01  0.79566001E+01
  0.20582248E+01  0.79784854E+01
  0.20682849E+01  0.80014886E+01
  0.20783450E+01  0.80256161E+01
  0.20884051E+01  0.80508746E+01
  0.20984652E+01  0.80772704E+01
  0.21085253E+01  0.81048098E+01
  0.21185854E+01  0.81334988E+01
  0.21286455E+01  0.81633423E+01
  0.21387056E+01  0.81943439E+01
  0.21487657E+01  0.82265017E+01
  0.21588258E+01  0.82587903E+01
  0.21588258E+01  0.82574742E+01
  0.21688021E+01  0.82586886E+01
  0.21787785E+01  0.82598012E+01
  0.21887548E+01  0.82607299E+01
  0.21987312E+01  0.82618513E+01
  0.22087075E+01  0.82632358E+01
  0.22186838E+01  0.82648982E+01
  0.22286602E+01  0.82668400E+01
  0.22386365E+01  0.82690581E+01
  0.22486129E+01  0.82715475E+01
  0.22585892E+01  0.82743026E+01
  0.22685655E+01  0.82773173E+01
  0.22785419E+01  0.82805857E+01
  0.22885182E+01  0.82841025E+01
  0.22984946E+01  0.82878630E+01
  0.23084709E+01  0.82918637E+01
  0.23184472E+01  0.82961022E+01
  0.23284236E+01  0.83005775E+01
  0.23383999E+01  0.83052903E+01
  0.23483763E+01  0.83102431E+01
  0.23583526E+01  0.83154403E+01
  0.23683289E+01  0.83208882E+01
  0.23783053E+01  0.83265952E+01
  0.23882816E+01  0.83325715E+01
  0.23982579E+01  0.83388293E+01
  0.24082343E+01  0.83453829E+01
  0.24182106E+01  0.83522479E+01
  0.24281870E+01  0.83594417E+01
  0.24381633E+01  0.83669828E+01
  0.24481396E+01  0.83748908E+01
  0.24581160E+01  0.83831862E+01
  0.24680923E+01  0.83918897E+01
  0.24780687E+01  0.84010223E+01
  0.24880450E+01  0.84106046E+01
  0.24980213E+01  0.84206567E+01
  0.25079977E+01  0.84311975E+01
  0.25179740E+01  0.84422449E+01
  0.25279504E+01  0.84538150E+01
  0.25379267E+01  0.84659217E+01
  0.25479030E+01  0.84785768E+01
  0.25578794E+01  0.84917895E+01
  0.25678557E+01  0.85055662E+01
  0.25779138E+01  0.85200301E+01
  0.25879719E+01  0.85350708E+01
  0.25980300E+01  0.85506851E+01
  0.26080882E+01  0.85668664E+01
  0.26181463E+01  0.85836044E+01
  0.26282044E+01  0.86008856E+01
  0.26382625E+01  0.86186931E+01
  0.26483206E+01  0.86370067E+01
  0.26583787E+01  0.86558031E+01
  0.26684368E+01  0.86750562E+01
  0.26784949E+01  0.86947371E+01
  0.26885531E+01  0.87148146E+01
  0.26986112E+01  0.87352553E+01
  0.27086693E+01  0.87560239E+01
  0.27187274E+01  0.87770834E+01
  0.27287855E+01  0.87983955E+01
  0.27388436E+01  0.88199207E+01
  0.27489017E+01  0.88416189E+01
  0.27589598E+01  0.88634491E+01
  0.27690180E+01  0.88853699E+01
  0.27790761E+01  0.89073397E+01
  0.27891342E+01  0.89293167E+01
  0.27991923E+01  0.89512593E+01
  0.28092504E+01  0.89731259E+01
  0.28193085E+01  0.89948748E+01
  0.28293666E+01  0.90164650E+01
  0.28394247E+01  0.90378556E+01
  0.28494829E+01  0.90590057E+01
  0.28595410E+01  0.90798752E+01
  0.28695991E+01  0.91004241E+01
  0.28796572E+01  0.91206126E+01
  0.28897153E+01  0.91404018E+01
  0.28997734E+01  0.91597528E+01
  0.29098315E+01  0.91786276E+01
  0.29198896E+01  0.91969887E+01
  0.29299478E+01  0.92147997E+01
  0.29400059E+01  0.92320251E+01
  0.29500640E+01  0.92486307E+01
  0.29601221E+01  0.92645836E+01
  0.29701802E+01  0.92798531E+01
  0.29802383E+01  0.92944101E+01
  0.29902964E+01  0.93082283E+01
  0.30003545E+01  0.93212835E+01
  0.30104127E+01  0.93335549E+01
  0.30204708E+01  0.93450247E+01
  0.30305289E+01  0.93556783E+01
  0.30405870E+01  0.93655050E+01
  0.30506451E+01  0.93744977E+01
  0.30607032E+01  0.93826529E+01
  0.30707613E+01  0.93899713E+01
  0.30808194E+01  0.93964570E+01
  0.30908776E+01  0.94021180E+01
  0.31009357E+01  0.94069659E+01
  0.31109938E+01  0.94110154E+01
  0.31210519E+01  0.94142843E+01
  0.31311100E+01  0.94167934E+01
  0.31411681E+01  0.94185657E+01
  0.31512262E+01  0.94196263E+01
  0.31612843E+01  0.94200020E+01
  0.31713424E+01  0.94197211E+01
  0.31814006E+01  0.94188127E+01
  0.31914587E+01  0.94173066E+01
  0.32015168E+01  0.94152329E+01
  0.32115749E+01  0.94126215E+01
  0.32216330E+01  0.94095022E+01
  0.32316911E+01  0.94059040E+01
  0.32417492E+01  0.94018550E+01
  0.32518073E+01  0.93973826E+01
  0.32618655E+01  0.93925126E+01
  0.32719236E+01  0.93872697E+01
  0.32819817E+01  0.93816770E+01
  0.32920398E+01  0.93757562E+01
  0.33020979E+01  0.93695274E+01
  0.33121560E+01  0.93630090E+01
  0.33222141E+01  0.93562181E+01
  0.33322722E+01  0.93491698E+01
  0.33423304E+01  0.93418781E+01
  0.33523885E+01  0.93343552E+01
  0.33624466E+01  0.93266121E+01
  0.33725047E+01  0.93186583E+01
  0.33825628E+01  0.93105019E+01
  0.33926209E+01  0.93021489E+01
  0.34026790E+01  0.92935973E+01
  0.34127371E+01  0.92799385E+01
  0.34227953E+01  0.92568694E+01
  0.34328534E+01  0.92343054E+01
  0.34429115E+01  0.92122539E+01
  0.34529696E+01  0.91907015E+01
  0.34630277E+01  0.91696354E+01
  0.34730858E+01  0.91490451E+01
  0.34831439E+01  0.91289225E+01
  0.34932020E+01  0.91092623E+01
  0.35032602E+01  0.90900615E+01
  0.35133183E+01  0.90713200E+01
  0.35233764E+01  0.90530399E+01
  0.35334345E+01  0.90352262E+01
  0.35434926E+01  0.90178858E+01
  0.35535507E+01  0.90010281E+01
  0.35636088E+01  0.89846643E+01
  0.35736669E+01  0.89688076E+01
  0.35837251E+01  0.89534729E+01
  0.35937832E+01  0.89386761E+01
  0.36038413E+01  0.89244348E+01
  0.36138994E+01  0.89107673E+01
  0.36239575E+01  0.88976925E+01
  0.36340156E+01  0.88852299E+01
  0.36440737E+01  0.88733994E+01
  0.36541318E+01  0.88622207E+01
  0.36641900E+01  0.88517133E+01
  0.36742481E+01  0.88418963E+01
  0.36843062E+01  0.88327884E+01
  0.36943643E+01  0.88244072E+01
  0.37044224E+01  0.88167695E+01
  0.37144805E+01  0.88098909E+01
  0.37245386E+01  0.88037858E+01
  0.37345967E+01  0.87984672E+01
  0.37446548E+01  0.87939465E+01
  0.37547130E+01  0.87902335E+01
  0.37647711E+01  0.87873364E+01
  0.37748292E+01  0.87852616E+01
  0.37848873E+01  0.87840136E+01
  0.37949454E+01  0.87835949E+01
  
  0.00000000E+00  0.11004769E+02
  0.10019145E-01  0.11004152E+02
  0.20038291E-01  0.11002336E+02
  0.30057436E-01  0.10999327E+02
  0.40076582E-01  0.10995134E+02
  0.50095727E-01  0.10989769E+02
  0.60114873E-01  0.10983247E+02
  0.70134018E-01  0.10975586E+02
  0.80153164E-01  0.10966804E+02
  0.90172309E-01  0.10956926E+02
  0.10019145E+00  0.10945977E+02
  0.11021060E+00  0.10933982E+02
  0.12022975E+00  0.10920970E+02
  0.13024889E+00  0.10906973E+02
  0.14026804E+00  0.10892019E+02
  0.15028718E+00  0.10876143E+02
  0.16030633E+00  0.10859377E+02
  0.17032547E+00  0.10841753E+02
  0.18034462E+00  0.10823307E+02
  0.19036376E+00  0.10804071E+02
  0.20038291E+00  0.10784080E+02
  0.21040205E+00  0.10763366E+02
  0.22042120E+00  0.10741962E+02
  0.23044035E+00  0.10719902E+02
  0.24045949E+00  0.10697216E+02
  0.25047864E+00  0.10673936E+02
  0.26049778E+00  0.10650092E+02
  0.27051693E+00  0.10625713E+02
  0.28053607E+00  0.10600828E+02
  0.29055522E+00  0.10575466E+02
  0.30057436E+00  0.10549652E+02
  0.31059351E+00  0.10523414E+02
  0.32061265E+00  0.10496778E+02
  0.33063180E+00  0.10469767E+02
  0.34065095E+00  0.10442407E+02
  0.35067009E+00  0.10414721E+02
  0.36068924E+00  0.10386733E+02
  0.37070838E+00  0.10358467E+02
  0.38072753E+00  0.10329943E+02
  0.39074667E+00  0.10301184E+02
  0.40076582E+00  0.10272213E+02
  0.41078496E+00  0.10243050E+02
  0.42080411E+00  0.10213717E+02
  0.43082325E+00  0.10184233E+02
  0.44084240E+00  0.10154619E+02
  0.45086155E+00  0.10124894E+02
  0.46088069E+00  0.10095076E+02
  0.47089984E+00  0.10065184E+02
  0.48091898E+00  0.10035235E+02
  0.49093813E+00  0.10005244E+02
  0.50095727E+00  0.99752279E+01
  0.51097642E+00  0.99451996E+01
  0.52099556E+00  0.99151719E+01
  0.53101471E+00  0.98851559E+01
  0.54103385E+00  0.98551599E+01
  0.55105300E+00  0.98251856E+01
  0.56107215E+00  0.97952109E+01
  0.57109129E+00  0.97652173E+01
  0.58111044E+00  0.97352548E+01
  0.59112958E+00  0.97053526E+01
  0.60114873E+00  0.96755214E+01
  0.61116787E+00  0.96457677E+01
  0.62118702E+00  0.96160959E+01
  0.63120616E+00  0.95865096E+01
  0.64122531E+00  0.95570117E+01
  0.65124445E+00  0.95276052E+01
  0.66126360E+00  0.94982930E+01
  0.67128275E+00  0.94690785E+01
  0.68130189E+00  0.94399665E+01
  0.69132104E+00  0.94109627E+01
  0.70134018E+00  0.93820751E+01
  0.71135933E+00  0.93533140E+01
  0.72137847E+00  0.93246924E+01
  0.73139762E+00  0.92962263E+01
  0.74141676E+00  0.92679311E+01
  0.75143591E+00  0.92397446E+01
  0.76145505E+00  0.92116974E+01
  0.77147420E+00  0.91839086E+01
  0.78149335E+00  0.91564282E+01
  0.79151249E+00  0.91293082E+01
  0.80153164E+00  0.91026065E+01
  0.81155078E+00  0.90763871E+01
  0.82156993E+00  0.90507201E+01
  0.83158907E+00  0.90256815E+01
  0.84160822E+00  0.90013532E+01
  0.85162736E+00  0.89778227E+01
  0.86164651E+00  0.89551841E+01
  0.87166565E+00  0.89335765E+01
  0.88168480E+00  0.89148372E+01
  0.89170395E+00  0.88954210E+01
  0.90172309E+00  0.88772424E+01
  0.91174224E+00  0.88604090E+01
  0.92176138E+00  0.88450193E+01
  0.93178053E+00  0.88311672E+01
  0.94179967E+00  0.88189412E+01
  0.95181882E+00  0.88084228E+01
  0.96183796E+00  0.87996845E+01
  0.97185711E+00  0.87927886E+01
  0.98187625E+00  0.87877858E+01
  0.99189540E+00  0.87847139E+01
  0.10019145E+01  0.87836005E+01
  0.10119746E+01  0.87857088E+01
  0.10220347E+01  0.87921124E+01
  0.10320948E+01  0.88027523E+01
  0.10421549E+01  0.88175295E+01
  0.10522150E+01  0.88363115E+01
  0.10622751E+01  0.88589381E+01
  0.10723352E+01  0.88852270E+01
  0.10823953E+01  0.89149802E+01
  0.10924554E+01  0.89479901E+01
  0.11025155E+01  0.89840451E+01
  0.11125756E+01  0.90229340E+01
  0.11226357E+01  0.90644500E+01
  0.11326958E+01  0.91083942E+01
  0.11427559E+01  0.91545773E+01
  0.11528160E+01  0.92028218E+01
  0.11628761E+01  0.92529622E+01
  0.11729362E+01  0.93048459E+01
  0.11829963E+01  0.93583332E+01
  0.11930564E+01  0.94132967E+01
  0.12031165E+01  0.94696206E+01
  0.12131766E+01  0.95272005E+01
  0.12232367E+01  0.95859423E+01
  0.12332968E+01  0.96457611E+01
  0.12433569E+01  0.97065806E+01
  0.12534170E+01  0.97683317E+01
  0.12634771E+01  0.98309494E+01
  0.12735372E+01  0.98943639E+01
  0.12835973E+01  0.99584931E+01
  0.12936574E+01  0.10023302E+02
  0.13037175E+01  0.10088789E+02
  0.13137776E+01  0.10154943E+02
  0.13238377E+01  0.10221748E+02
  0.13338978E+01  0.10289195E+02
  0.13439579E+01  0.10357278E+02
  0.13540180E+01  0.10425998E+02
  0.13640781E+01  0.10495361E+02
  0.13741382E+01  0.10565378E+02
  0.13841983E+01  0.10636068E+02
  0.13942584E+01  0.10707451E+02
  0.14043185E+01  0.10779556E+02
  0.14143786E+01  0.10852413E+02
  0.14244387E+01  0.10926057E+02
  0.14344988E+01  0.11000527E+02
  0.14445589E+01  0.11075864E+02
  0.14546190E+01  0.11152108E+02
  0.14646791E+01  0.11229295E+02
  0.14747391E+01  0.11273860E+02
  0.14847992E+01  0.11274091E+02
  0.14948593E+01  0.11271376E+02
  0.15049194E+01  0.11265774E+02
  0.15149795E+01  0.11257311E+02
  0.15250396E+01  0.11246009E+02
  0.15350997E+01  0.11231902E+02
  0.15451598E+01  0.11215024E+02
  0.15552199E+01  0.11195420E+02
  0.15652800E+01  0.11173136E+02
  0.15753401E+01  0.11148227E+02
  0.15854002E+01  0.11120753E+02
  0.15954603E+01  0.11090778E+02
  0.16055204E+01  0.11058375E+02
  0.16155805E+01  0.11023618E+02
  0.16256406E+01  0.10986588E+02
  0.16357007E+01  0.10947372E+02
  0.16457608E+01  0.10906060E+02
  0.16558209E+01  0.10862746E+02
  0.16658810E+01  0.10817531E+02
  0.16759411E+01  0.10770515E+02
  0.16860012E+01  0.10721806E+02
  0.16960613E+01  0.10671511E+02
  0.17061214E+01  0.10619743E+02
  0.17161815E+01  0.10566614E+02
  0.17262416E+01  0.10512238E+02
  0.17363017E+01  0.10456731E+02
  0.17463618E+01  0.10400208E+02
  0.17564219E+01  0.10342785E+02
  0.17664820E+01  0.10284577E+02
  0.17765421E+01  0.10225696E+02
  0.17866022E+01  0.10166255E+02
  0.17966623E+01  0.10106361E+02
  0.18067224E+01  0.10046121E+02
  0.18167825E+01  0.99856391E+01
  0.18268426E+01  0.99250133E+01
  0.18369027E+01  0.98643395E+01
  0.18469628E+01  0.98037090E+01
  0.18570229E+01  0.97432087E+01
  0.18670830E+01  0.96829210E+01
  0.18771431E+01  0.96229241E+01
  0.18872032E+01  0.95632912E+01
  0.18972633E+01  0.95040914E+01
  0.19073234E+01  0.94453892E+01
  0.19173835E+01  0.93872449E+01
  0.19274436E+01  0.93297149E+01
  0.19375037E+01  0.92728515E+01
  0.19475638E+01  0.92167035E+01
  0.19576239E+01  0.91613162E+01
  0.19676839E+01  0.91067319E+01
  0.19777440E+01  0.90529898E+01
  0.19878041E+01  0.90001262E+01
  0.19978642E+01  0.89481751E+01
  0.20079243E+01  0.88971679E+01
  0.20179844E+01  0.88471339E+01
  0.20280445E+01  0.87980999E+01
  0.20381046E+01  0.87500911E+01
  0.20481647E+01  0.87031301E+01
  0.20582248E+01  0.86572380E+01
  0.20682849E+01  0.86124336E+01
  0.20783450E+01  0.85687339E+01
  0.20884051E+01  0.85261537E+01
  0.20984652E+01  0.84847061E+01
  0.21085253E+01  0.84444020E+01
  0.21185854E+01  0.84052506E+01
  0.21286455E+01  0.83672592E+01
  0.21387056E+01  0.83304341E+01
  0.21487657E+01  0.82947843E+01
  0.21588258E+01  0.82613395E+01
  0.21588258E+01  0.82616239E+01
  0.21688021E+01  0.82642767E+01
  0.21787785E+01  0.82747401E+01
  0.21887548E+01  0.82929937E+01
  0.21987312E+01  0.83184943E+01
  0.22087075E+01  0.83509469E+01
  0.22186838E+01  0.83900620E+01
  0.22286602E+01  0.84355219E+01
  0.22386365E+01  0.84869817E+01
  0.22486129E+01  0.85440760E+01
  0.22585892E+01  0.86064270E+01
  0.22685655E+01  0.86736521E+01
  0.22785419E+01  0.87453707E+01
  0.22885182E+01  0.88212101E+01
  0.22984946E+01  0.89008102E+01
  0.23084709E+01  0.89838269E+01
  0.23184472E+01  0.90699353E+01
  0.23284236E+01  0.91588311E+01
  0.23383999E+01  0.92502318E+01
  0.23483763E+01  0.93438768E+01
  0.23583526E+01  0.94395277E+01
  0.23683289E+01  0.95369675E+01
  0.23783053E+01  0.96359996E+01
  0.23882816E+01  0.97364464E+01
  0.23982579E+01  0.98381482E+01
  0.24082343E+01  0.99409611E+01
  0.24182106E+01  0.10044755E+02
  0.24281870E+01  0.10149413E+02
  0.24381633E+01  0.10254828E+02
  0.24481396E+01  0.10360900E+02
  0.24581160E+01  0.10467536E+02
  0.24680923E+01  0.10574648E+02
  0.24780687E+01  0.10682148E+02
  0.24880450E+01  0.10789951E+02
  0.24980213E+01  0.10897967E+02
  0.25079977E+01  0.11006106E+02
  0.25179740E+01  0.11114271E+02
  0.25279504E+01  0.11222361E+02
  0.25379267E+01  0.11330267E+02
  0.25479030E+01  0.11437871E+02
  0.25578794E+01  0.11545047E+02
  0.25678557E+01  0.11651659E+02
  0.25779138E+01  0.11758427E+02
  0.25879719E+01  0.11864315E+02
  0.25980300E+01  0.11969155E+02
  0.26080882E+01  0.12072768E+02
  0.26181463E+01  0.12174967E+02
  0.26282044E+01  0.12275555E+02
  0.26382625E+01  0.12374331E+02
  0.26483206E+01  0.12471085E+02
  0.26583787E+01  0.12565604E+02
  0.26684368E+01  0.12657671E+02
  0.26784949E+01  0.12747069E+02
  0.26885531E+01  0.12833578E+02
  0.26986112E+01  0.12914515E+02
  0.27086693E+01  0.12831152E+02
  0.27187274E+01  0.12748673E+02
  0.27287855E+01  0.12667278E+02
  0.27388436E+01  0.12587006E+02
  0.27489017E+01  0.12507887E+02
  0.27589598E+01  0.12429945E+02
  0.27690180E+01  0.12353197E+02
  0.27790761E+01  0.12277650E+02
  0.27891342E+01  0.12203308E+02
  0.27991923E+01  0.12130167E+02
  0.28092504E+01  0.12058216E+02
  0.28193085E+01  0.11987442E+02
  0.28293666E+01  0.11917823E+02
  0.28394247E+01  0.11849335E+02
  0.28494829E+01  0.11781950E+02
  0.28595410E+01  0.11715637E+02
  0.28695991E+01  0.11650363E+02
  0.28796572E+01  0.11586090E+02
  0.28897153E+01  0.11522784E+02
  0.28997734E+01  0.11460407E+02
  0.29098315E+01  0.11398921E+02
  0.29198896E+01  0.11338292E+02
  0.29299478E+01  0.11278484E+02
  0.29400059E+01  0.11219464E+02
  0.29500640E+01  0.11161201E+02
  0.29601221E+01  0.11103669E+02
  0.29701802E+01  0.11046842E+02
  0.29802383E+01  0.10990699E+02
  0.29902964E+01  0.10935222E+02
  0.30003545E+01  0.10880398E+02
  0.30104127E+01  0.10826216E+02
  0.30204708E+01  0.10772671E+02
  0.30305289E+01  0.10719760E+02
  0.30405870E+01  0.10667485E+02
  0.30506451E+01  0.10615851E+02
  0.30607032E+01  0.10564865E+02
  0.30707613E+01  0.10514539E+02
  0.30808194E+01  0.10464887E+02
  0.30908776E+01  0.10415924E+02
  0.31009357E+01  0.10367668E+02
  0.31109938E+01  0.10320138E+02
  0.31210519E+01  0.10273355E+02
  0.31311100E+01  0.10227337E+02
  0.31411681E+01  0.10182106E+02
  0.31512262E+01  0.10137682E+02
  0.31612843E+01  0.10094082E+02
  0.31713424E+01  0.10051325E+02
  0.31814006E+01  0.10009425E+02
  0.31914587E+01  0.99683980E+01
  0.32015168E+01  0.99282536E+01
  0.32115749E+01  0.98890008E+01
  0.32216330E+01  0.98506455E+01
  0.32316911E+01  0.98131905E+01
  0.32417492E+01  0.97766356E+01
  0.32518073E+01  0.97409777E+01
  0.32618655E+01  0.97062103E+01
  0.32719236E+01  0.96723243E+01
  0.32819817E+01  0.96393074E+01
  0.32920398E+01  0.96071449E+01
  0.33020979E+01  0.95758194E+01
  0.33121560E+01  0.95453116E+01
  0.33222141E+01  0.95156000E+01
  0.33322722E+01  0.94866617E+01
  0.33423304E+01  0.94584725E+01
  0.33523885E+01  0.94310072E+01
  0.33624466E+01  0.94042403E+01
  0.33725047E+01  0.93781461E+01
  0.33825628E+01  0.93526992E+01
  0.33926209E+01  0.93278758E+01
  0.34026790E+01  0.93036599E+01
  0.34127371E+01  0.92849423E+01
  0.34227953E+01  0.92760085E+01
  0.34328534E+01  0.92669268E+01
  0.34429115E+01  0.92576744E+01
  0.34529696E+01  0.92482503E+01
  0.34630277E+01  0.92386546E+01
  0.34730858E+01  0.92288861E+01
  0.34831439E+01  0.92189427E+01
  0.34932020E+01  0.92088207E+01
  0.35032602E+01  0.91985146E+01
  0.35133183E+01  0.91880170E+01
  0.35233764E+01  0.91773177E+01
  0.35334345E+01  0.91664035E+01
  0.35434926E+01  0.91552576E+01
  0.35535507E+01  0.91438587E+01
  0.35636088E+01  0.91321805E+01
  0.35736669E+01  0.91201905E+01
  0.35837251E+01  0.91078496E+01
  0.35937832E+01  0.90951112E+01
  0.36038413E+01  0.90819206E+01
  0.36138994E+01  0.90682151E+01
  0.36239575E+01  0.90539247E+01
  0.36340156E+01  0.90389739E+01
  0.36440737E+01  0.90232864E+01
  0.36541318E+01  0.90067909E+01
  0.36641900E+01  0.89894323E+01
  0.36742481E+01  0.89684875E+01
  0.36843062E+01  0.89410879E+01
  0.36943643E+01  0.89154602E+01
  0.37044224E+01  0.88917274E+01
  0.37144805E+01  0.88700175E+01
  0.37245386E+01  0.88504611E+01
  0.37345967E+01  0.88331880E+01
  0.37446548E+01  0.88183230E+01
  0.37547130E+01  0.88059816E+01
  0.37647711E+01  0.87962653E+01
  0.37748292E+01  0.87892584E+01
  0.37848873E+01  0.87850237E+01
  0.37949454E+01  0.87836005E+01
  
  0.00000000E+00  0.11009945E+02
  0.10019145E-01  0.11009402E+02
  0.20038291E-01  0.11007653E+02
  0.30057436E-01  0.11004702E+02
  0.40076582E-01  0.11000556E+02
  0.50095727E-01  0.10995227E+02
  0.60114873E-01  0.10988727E+02
  0.70134018E-01  0.10981073E+02
  0.80153164E-01  0.10972285E+02
  0.90172309E-01  0.10962384E+02
  0.10019145E+00  0.10951396E+02
  0.11021060E+00  0.10939347E+02
  0.12022975E+00  0.10926267E+02
  0.13024889E+00  0.10912185E+02
  0.14026804E+00  0.10897134E+02
  0.15028718E+00  0.10881148E+02
  0.16030633E+00  0.10864260E+02
  0.17032547E+00  0.10846506E+02
  0.18034462E+00  0.10827921E+02
  0.19036376E+00  0.10808541E+02
  0.20038291E+00  0.10788401E+02
  0.21040205E+00  0.10767536E+02
  0.22042120E+00  0.10745981E+02
  0.23044035E+00  0.10723771E+02
  0.24045949E+00  0.10700938E+02
  0.25047864E+00  0.10677516E+02
  0.26049778E+00  0.10653535E+02
  0.27051693E+00  0.10629026E+02
  0.28053607E+00  0.10604019E+02
  0.29055522E+00  0.10578542E+02
  0.30057436E+00  0.10552622E+02
  0.31059351E+00  0.10526285E+02
  0.32061265E+00  0.10499558E+02
  0.33063180E+00  0.10472463E+02
  0.34065095E+00  0.10445025E+02
  0.35067009E+00  0.10417266E+02
  0.36068924E+00  0.10389208E+02
  0.37070838E+00  0.10360874E+02
  0.38072753E+00  0.10332282E+02
  0.39074667E+00  0.10303455E+02
  0.40076582E+00  0.10274412E+02
  0.41078496E+00  0.10245172E+02
  0.42080411E+00  0.10215755E+02
  0.43082325E+00  0.10186181E+02
  0.44084240E+00  0.10156467E+02
  0.45086155E+00  0.10126633E+02
  0.46088069E+00  0.10096696E+02
  0.47089984E+00  0.10066674E+02
  0.48091898E+00  0.10036585E+02
  0.49093813E+00  0.10006445E+02
  0.50095727E+00  0.99762715E+01
  0.51097642E+00  0.99460789E+01
  0.52099556E+00  0.99158825E+01
  0.53101471E+00  0.98856967E+01
  0.54103385E+00  0.98555362E+01
  0.55105300E+00  0.98254200E+01
  0.56107215E+00  0.97953886E+01
  0.57109129E+00  0.97654759E+01
  0.58111044E+00  0.97356453E+01
  0.59112958E+00  0.97058785E+01
  0.60114873E+00  0.96761736E+01
  0.61116787E+00  0.96465311E+01
  0.62118702E+00  0.96169519E+01
  0.63120616E+00  0.95874370E+01
  0.64122531E+00  0.95579872E+01
  0.65124445E+00  0.95286039E+01
  0.66126360E+00  0.94992891E+01
  0.67128275E+00  0.94700457E+01
  0.68130189E+00  0.94408784E+01
  0.69132104E+00  0.94117936E+01
  0.70134018E+00  0.93828006E+01
  0.71135933E+00  0.93539113E+01
  0.72137847E+00  0.93251414E+01
  0.73139762E+00  0.92965110E+01
  0.74141676E+00  0.92680492E+01
  0.75143591E+00  0.92398719E+01
  0.76145505E+00  0.92120125E+01
  0.77147420E+00  0.91844270E+01
  0.78149335E+00  0.91571517E+01
  0.79151249E+00  0.91302331E+01
  0.80153164E+00  0.91037246E+01
  0.81155078E+00  0.90776859E+01
  0.82156993E+00  0.90521831E+01
  0.83158907E+00  0.90272886E+01
  0.84160822E+00  0.90030810E+01
  0.85162736E+00  0.89796445E+01
  0.86164651E+00  0.89570695E+01
  0.87166565E+00  0.89354648E+01
  0.88168480E+00  0.89219221E+01
  0.89170395E+00  0.89121255E+01
  0.90172309E+00  0.89005774E+01
  0.91174224E+00  0.88874071E+01
  0.92176138E+00  0.88728966E+01
  0.93178053E+00  0.88574867E+01
  0.94179967E+00  0.88417760E+01
  0.95181882E+00  0.88264954E+01
  0.96183796E+00  0.88124562E+01
  0.97185711E+00  0.88004789E+01
  0.98187625E+00  0.87913128E+01
  0.99189540E+00  0.87855582E+01
  0.10019145E+01  0.87836022E+01
  0.10119746E+01  0.87858213E+01
  0.10220347E+01  0.87923384E+01
  0.10320948E+01  0.88030871E+01
  0.10421549E+01  0.88179676E+01
  0.10522150E+01  0.88368469E+01
  0.10622751E+01  0.88595639E+01
  0.10723352E+01  0.88859356E+01
  0.10823953E+01  0.89157633E+01
  0.10924554E+01  0.89488389E+01
  0.11025155E+01  0.89849503E+01
  0.11125756E+01  0.90238861E+01
  0.11226357E+01  0.90654395E+01
  0.11326958E+01  0.91094115E+01
  0.11427559E+01  0.91556128E+01
  0.11528160E+01  0.92038655E+01
  0.11628761E+01  0.92540040E+01
  0.11729362E+01  0.93058748E+01
  0.11829963E+01  0.93593375E+01
  0.11930564E+01  0.94142633E+01
  0.12031165E+01  0.94705357E+01
  0.12131766E+01  0.95280492E+01
  0.12232367E+01  0.95867090E+01
  0.12332968E+01  0.96464304E+01
  0.12433569E+01  0.97071383E+01
  0.12534170E+01  0.97687674E+01
  0.12634771E+01  0.98312635E+01
  0.12735372E+01  0.98945924E+01
  0.12835973E+01  0.99587461E+01
  0.12936574E+01  0.10023682E+02
  0.13037175E+01  0.10089338E+02
  0.13137776E+01  0.10155674E+02
  0.13238377E+01  0.10222665E+02
  0.13338978E+01  0.10290294E+02
  0.13439579E+01  0.10358551E+02
  0.13540180E+01  0.10427432E+02
  0.13640781E+01  0.10496940E+02
  0.13741382E+01  0.10567083E+02
  0.13841983E+01  0.10637875E+02
  0.13942584E+01  0.10709338E+02
  0.14043185E+01  0.10781495E+02
  0.14143786E+01  0.10854379E+02
  0.14244387E+01  0.10928024E+02
  0.14344988E+01  0.11002469E+02
  0.14445589E+01  0.11077755E+02
  0.14546190E+01  0.11153923E+02
  0.14646791E+01  0.11230991E+02
  0.14747391E+01  0.11307539E+02
  0.14847992E+01  0.11386757E+02
  0.14948593E+01  0.11467066E+02
  0.15049194E+01  0.11548491E+02
  0.15149795E+01  0.11631061E+02
  0.15250396E+01  0.11714800E+02
  0.15350997E+01  0.11799725E+02
  0.15451598E+01  0.11885842E+02
  0.15552199E+01  0.11973146E+02
  0.15652800E+01  0.12061615E+02
  0.15753401E+01  0.12151228E+02
  0.15854002E+01  0.12241967E+02
  0.15954603E+01  0.12333808E+02
  0.16055204E+01  0.12426711E+02
  0.16155805E+01  0.12520626E+02
  0.16256406E+01  0.12615485E+02
  0.16357007E+01  0.12711214E+02
  0.16457608E+01  0.12807727E+02
  0.16558209E+01  0.12904930E+02
  0.16658810E+01  0.13002722E+02
  0.16759411E+01  0.13100995E+02
  0.16860012E+01  0.13199637E+02
  0.16960613E+01  0.13298532E+02
  0.17061214E+01  0.13397559E+02
  0.17161815E+01  0.13496598E+02
  0.17262416E+01  0.13595527E+02
  0.17363017E+01  0.13694224E+02
  0.17463618E+01  0.13792569E+02
  0.17564219E+01  0.13890443E+02
  0.17664820E+01  0.13987732E+02
  0.17765421E+01  0.14084323E+02
  0.17866022E+01  0.14180107E+02
  0.17966623E+01  0.14274978E+02
  0.18067224E+01  0.14368835E+02
  0.18167825E+01  0.14461580E+02
  0.18268426E+01  0.14553118E+02
  0.18369027E+01  0.14643357E+02
  0.18469628E+01  0.14732205E+02
  0.18570229E+01  0.14819574E+02
  0.18670830E+01  0.14905373E+02
  0.18771431E+01  0.14989509E+02
  0.18872032E+01  0.15071887E+02
  0.18972633E+01  0.15152412E+02
  0.19073234E+01  0.15231002E+02
  0.19173835E+01  0.15307588E+02
  0.19274436E+01  0.15382101E+02
  0.19375037E+01  0.15454468E+02
  0.19475638E+01  0.15524608E+02
  0.19576239E+01  0.15592435E+02
  0.19676839E+01  0.15657858E+02
  0.19777440E+01  0.15720781E+02
  0.19878041E+01  0.15781108E+02
  0.19978642E+01  0.15838736E+02
  0.20079243E+01  0.15893563E+02
  0.20179844E+01  0.15945484E+02
  0.20280445E+01  0.15994396E+02
  0.20381046E+01  0.16040193E+02
  0.20481647E+01  0.16082774E+02
  0.20582248E+01  0.16122037E+02
  0.20682849E+01  0.16157886E+02
  0.20783450E+01  0.16190230E+02
  0.20884051E+01  0.16218984E+02
  0.20984652E+01  0.16244069E+02
  0.21085253E+01  0.16265416E+02
  0.21185854E+01  0.16282968E+02
  0.21286455E+01  0.16296677E+02
  0.21387056E+01  0.16306508E+02
  0.21487657E+01  0.16312439E+02
  0.21588258E+01  0.16314452E+02
  0.21588258E+01  0.16314452E+02
  0.21688021E+01  0.16312784E+02
  0.21787785E+01  0.16307947E+02
  0.21887548E+01  0.16299921E+02
  0.21987312E+01  0.16288711E+02
  0.22087075E+01  0.16274331E+02
  0.22186838E+01  0.16256798E+02
  0.22286602E+01  0.16236133E+02
  0.22386365E+01  0.16212360E+02
  0.22486129E+01  0.16185508E+02
  0.22585892E+01  0.16155609E+02
  0.22685655E+01  0.16122698E+02
  0.22785419E+01  0.16086814E+02
  0.22885182E+01  0.16048002E+02
  0.22984946E+01  0.16006307E+02
  0.23084709E+01  0.15961781E+02
  0.23184472E+01  0.15914478E+02
  0.23284236E+01  0.15864456E+02
  0.23383999E+01  0.15811777E+02
  0.23483763E+01  0.15756506E+02
  0.23583526E+01  0.15698713E+02
  0.23683289E+01  0.15638471E+02
  0.23783053E+01  0.15575856E+02
  0.23882816E+01  0.15510948E+02
  0.23982579E+01  0.15443832E+02
  0.24082343E+01  0.15374595E+02
  0.24182106E+01  0.15303328E+02
  0.24281870E+01  0.15230126E+02
  0.24381633E+01  0.15155086E+02
  0.24481396E+01  0.15078310E+02
  0.24581160E+01  0.14999901E+02
  0.24680923E+01  0.14919966E+02
  0.24780687E+01  0.14838615E+02
  0.24880450E+01  0.14755959E+02
  0.24980213E+01  0.14672113E+02
  0.25079977E+01  0.14587193E+02
  0.25179740E+01  0.14501317E+02
  0.25279504E+01  0.14414602E+02
  0.25379267E+01  0.14327168E+02
  0.25479030E+01  0.14239135E+02
  0.25578794E+01  0.14150623E+02
  0.25678557E+01  0.14061750E+02
  0.25779138E+01  0.13971904E+02
  0.25879719E+01  0.13881930E+02
  0.25980300E+01  0.13791946E+02
  0.26080882E+01  0.13702067E+02
  0.26181463E+01  0.13612402E+02
  0.26282044E+01  0.13523060E+02
  0.26382625E+01  0.13434144E+02
  0.26483206E+01  0.13345751E+02
  0.26583787E+01  0.13257974E+02
  0.26684368E+01  0.13170901E+02
  0.26784949E+01  0.13084612E+02
  0.26885531E+01  0.12999182E+02
  0.26986112E+01  0.12917146E+02
  0.27086693E+01  0.12997080E+02
  0.27187274E+01  0.13073647E+02
  0.27287855E+01  0.13146490E+02
  0.27388436E+01  0.13215419E+02
  0.27489017E+01  0.13280253E+02
  0.27589598E+01  0.13340822E+02
  0.27690180E+01  0.13396970E+02
  0.27790761E+01  0.13448557E+02
  0.27891342E+01  0.13495456E+02
  0.27991923E+01  0.13537558E+02
  0.28092504E+01  0.13574771E+02
  0.28193085E+01  0.13607015E+02
  0.28293666E+01  0.13627792E+02
  0.28394247E+01  0.13594218E+02
  0.28494829E+01  0.13561691E+02
  0.28595410E+01  0.13530343E+02
  0.28695991E+01  0.13500189E+02
  0.28796572E+01  0.13471234E+02
  0.28897153E+01  0.13443485E+02
  0.28997734E+01  0.13416942E+02
  0.29098315E+01  0.13391601E+02
  0.29198896E+01  0.13367455E+02
  0.29299478E+01  0.13344490E+02
  0.29400059E+01  0.13322686E+02
  0.29500640E+01  0.13302020E+02
  0.29601221E+01  0.13282457E+02
  0.29701802E+01  0.13263959E+02
  0.29802383E+01  0.13246477E+02
  0.29902964E+01  0.13229956E+02
  0.30003545E+01  0.13214329E+02
  0.30104127E+01  0.13199519E+02
  0.30204708E+01  0.13185427E+02
  0.30305289E+01  0.13171720E+02
  0.30405870E+01  0.13123995E+02
  0.30506451E+01  0.13058208E+02
  0.30607032E+01  0.12989783E+02
  0.30707613E+01  0.12918961E+02
  0.30808194E+01  0.12845922E+02
  0.30908776E+01  0.12770841E+02
  0.31009357E+01  0.12693885E+02
  0.31109938E+01  0.12615221E+02
  0.31210519E+01  0.12535012E+02
  0.31311100E+01  0.12453418E+02
  0.31411681E+01  0.12370599E+02
  0.31512262E+01  0.12286709E+02
  0.31612843E+01  0.12201903E+02
  0.31713424E+01  0.12116330E+02
  0.31814006E+01  0.12030140E+02
  0.31914587E+01  0.11943478E+02
  0.32015168E+01  0.11856488E+02
  0.32115749E+01  0.11769312E+02
  0.32216330E+01  0.11682088E+02
  0.32316911E+01  0.11594952E+02
  0.32417492E+01  0.11508038E+02
  0.32518073E+01  0.11421476E+02
  0.32618655E+01  0.11335393E+02
  0.32719236E+01  0.11249913E+02
  0.32819817E+01  0.11165155E+02
  0.32920398E+01  0.11081234E+02
  0.33020979E+01  0.10998260E+02
  0.33121560E+01  0.10916339E+02
  0.33222141E+01  0.10835569E+02
  0.33322722E+01  0.10756043E+02
  0.33423304E+01  0.10677847E+02
  0.33523885E+01  0.10601059E+02
  0.33624466E+01  0.10525751E+02
  0.33725047E+01  0.10451984E+02
  0.33825628E+01  0.10379813E+02
  0.33926209E+01  0.10309283E+02
  0.34026790E+01  0.10240428E+02
  0.34127371E+01  0.10173277E+02
  0.34227953E+01  0.10107847E+02
  0.34328534E+01  0.10044145E+02
  0.34429115E+01  0.99821717E+01
  0.34529696E+01  0.99219175E+01
  0.34630277E+01  0.98633654E+01
  0.34730858E+01  0.98064910E+01
  0.34831439E+01  0.97512634E+01
  0.34932020E+01  0.96976462E+01
  0.35032602E+01  0.96455985E+01
  0.35133183E+01  0.95950762E+01
  0.35233764E+01  0.95460333E+01
  0.35334345E+01  0.94984233E+01
  0.35434926E+01  0.94522009E+01
  0.35535507E+01  0.94073235E+01
  0.35636088E+01  0.93637527E+01
  0.35736669E+01  0.93214561E+01
  0.35837251E+01  0.92804086E+01
  0.35937832E+01  0.92405944E+01
  0.36038413E+01  0.92020078E+01
  0.36138994E+01  0.91646552E+01
  0.36239575E+01  0.91285554E+01
  0.36340156E+01  0.90937410E+01
  0.36440737E+01  0.90602589E+01
  0.36541318E+01  0.90281704E+01
  0.36641900E+01  0.89975512E+01
  0.36742481E+01  0.89711892E+01
  0.36843062E+01  0.89520808E+01
  0.36943643E+01  0.89322103E+01
  0.37044224E+01  0.89117705E+01
  0.37144805E+01  0.88910706E+01
  0.37245386E+01  0.88705438E+01
  0.37345967E+01  0.88507420E+01
  0.37446548E+01  0.88323101E+01
  0.37547130E+01  0.88159444E+01
  0.37647711E+01  0.88023357E+01
  0.37748292E+01  0.87921076E+01
  0.37848873E+01  0.87857565E+01
  0.37949454E+01  0.87836022E+01
  
  0.00000000E+00  0.15947667E+02
  0.10019145E-01  0.15946174E+02
  0.20038291E-01  0.15941733E+02
  0.30057436E-01  0.15934357E+02
  0.40076582E-01  0.15924064E+02
  0.50095727E-01  0.15910882E+02
  0.60114873E-01  0.15894843E+02
  0.70134018E-01  0.15875987E+02
  0.80153164E-01  0.15854364E+02
  0.90172309E-01  0.15830024E+02
  0.10019145E+00  0.15803029E+02
  0.11021060E+00  0.15773441E+02
  0.12022975E+00  0.15741333E+02
  0.13024889E+00  0.15706776E+02
  0.14026804E+00  0.15669850E+02
  0.15028718E+00  0.15630635E+02
  0.16030633E+00  0.15589217E+02
  0.17032547E+00  0.15545680E+02
  0.18034462E+00  0.15500114E+02
  0.19036376E+00  0.15452606E+02
  0.20038291E+00  0.15403246E+02
  0.21040205E+00  0.15352121E+02
  0.22042120E+00  0.15299320E+02
  0.23044035E+00  0.15244928E+02
  0.24045949E+00  0.15189028E+02
  0.25047864E+00  0.15131702E+02
  0.26049778E+00  0.15073026E+02
  0.27051693E+00  0.15013074E+02
  0.28053607E+00  0.14951915E+02
  0.29055522E+00  0.14889615E+02
  0.30057436E+00  0.14826232E+02
  0.31059351E+00  0.14761822E+02
  0.32061265E+00  0.14696434E+02
  0.33063180E+00  0.14630112E+02
  0.34065095E+00  0.14562894E+02
  0.35067009E+00  0.14494812E+02
  0.36068924E+00  0.14425894E+02
  0.37070838E+00  0.14356161E+02
  0.38072753E+00  0.14285629E+02
  0.39074667E+00  0.14214311E+02
  0.40076582E+00  0.14142212E+02
  0.41078496E+00  0.14069335E+02
  0.42080411E+00  0.13995679E+02
  0.43082325E+00  0.13921238E+02
  0.44084240E+00  0.13846005E+02
  0.45086155E+00  0.13769968E+02
  0.46088069E+00  0.13693115E+02
  0.47089984E+00  0.13615433E+02
  0.48091898E+00  0.13536905E+02
  0.49093813E+00  0.13457518E+02
  0.50095727E+00  0.13377255E+02
  0.51097642E+00  0.13296103E+02
  0.52099556E+00  0.13214048E+02
  0.53101471E+00  0.13131080E+02
  0.54103385E+00  0.13047189E+02
  0.55105300E+00  0.12962371E+02
  0.56107215E+00  0.12876622E+02
  0.57109129E+00  0.12789944E+02
  0.58111044E+00  0.12702341E+02
  0.59112958E+00  0.12613825E+02
  0.60114873E+00  0.12524409E+02
  0.61116787E+00  0.12434114E+02
  0.62118702E+00  0.12342965E+02
  0.63120616E+00  0.12250995E+02
  0.64122531E+00  0.12158241E+02
  0.65124445E+00  0.12064749E+02
  0.66126360E+00  0.11970568E+02
  0.67128275E+00  0.11875760E+02
  0.68130189E+00  0.11780391E+02
  0.69132104E+00  0.11684537E+02
  0.70134018E+00  0.11588283E+02
  0.71135933E+00  0.11491723E+02
  0.72137847E+00  0.11394963E+02
  0.73139762E+00  0.11298121E+02
  0.74141676E+00  0.11201326E+02
  0.75143591E+00  0.11104722E+02
  0.76145505E+00  0.11008472E+02
  0.77147420E+00  0.10912753E+02
  0.78149335E+00  0.10817765E+02
  0.79151249E+00  0.10723728E+02
  0.80153164E+00  0.10630891E+02
  0.81155078E+00  0.10539528E+02
  0.82156993E+00  0.10449947E+02
  0.83158907E+00  0.10362488E+02
  0.84160822E+00  0.10277528E+02
  0.85162736E+00  0.10195481E+02
  0.86164651E+00  0.10116793E+02
  0.87166565E+00  0.10041940E+02
  0.88168480E+00  0.99714112E+01
  0.89170395E+00  0.99056935E+01
  0.90172309E+00  0.98452440E+01
  0.91174224E+00  0.97904585E+01
  0.92176138E+00  0.97416395E+01
  0.93178053E+00  0.96989704E+01
  0.94179967E+00  0.96625043E+01
  0.95181882E+00  0.96321721E+01
  0.96183796E+00  0.96078089E+01
  0.97185711E+00  0.95891959E+01
  0.98187625E+00  0.95761046E+01
  0.99189540E+00  0.95683395E+01
  0.10019145E+01  0.95657698E+01
  0.10119746E+01  0.95683611E+01
  0.10220347E+01  0.95761048E+01
  0.10320948E+01  0.95889107E+01
  0.10421549E+01  0.96066324E+01
  0.10522150E+01  0.96290728E+01
  0.10622751E+01  0.96559916E+01
  0.10723352E+01  0.96871125E+01
  0.10823953E+01  0.97221320E+01
  0.10924554E+01  0.97607269E+01
  0.11025155E+01  0.98025617E+01
  0.11125756E+01  0.98472951E+01
  0.11226357E+01  0.98945851E+01
  0.11326958E+01  0.99440932E+01
  0.11427559E+01  0.99954883E+01
  0.11528160E+01  0.10048449E+02
  0.11628761E+01  0.10102664E+02
  0.11729362E+01  0.10157836E+02
  0.11829963E+01  0.10213680E+02
  0.11930564E+01  0.10269924E+02
  0.12031165E+01  0.10326310E+02
  0.12131766E+01  0.10382594E+02
  0.12232367E+01  0.10438543E+02
  0.12332968E+01  0.10493939E+02
  0.12433569E+01  0.10548575E+02
  0.12534170E+01  0.10602256E+02
  0.12634771E+01  0.10654798E+02
  0.12735372E+01  0.10706030E+02
  0.12835973E+01  0.10755790E+02
  0.12936574E+01  0.10803926E+02
  0.13037175E+01  0.10850297E+02
  0.13137776E+01  0.10894771E+02
  0.13238377E+01  0.10937225E+02
  0.13338978E+01  0.10977546E+02
  0.13439579E+01  0.11015629E+02
  0.13540180E+01  0.11051378E+02
  0.13640781E+01  0.11084704E+02
  0.13741382E+01  0.11115528E+02
  0.13841983E+01  0.11143778E+02
  0.13942584E+01  0.11169389E+02
  0.14043185E+01  0.11192305E+02
  0.14143786E+01  0.11212475E+02
  0.14244387E+01  0.11229859E+02
  0.14344988E+01  0.11244421E+02
  0.14445589E+01  0.11256135E+02
  0.14546190E+01  0.11264984E+02
  0.14646791E+01  0.11270990E+02
  0.14747391E+01  0.11309219E+02
  0.14847992E+01  0.11388277E+02
  0.14948593E+01  0.11468442E+02
  0.15049194E+01  0.11549716E+02
  0.15149795E+01  0.11632130E+02
  0.15250396E+01  0.11715713E+02
  0.15350997E+01  0.11800488E+02
  0.15451598E+01  0.11886472E+02
  0.15552199E+01  0.11973681E+02
  0.15652800E+01  0.12062121E+02
  0.15753401E+01  0.12151784E+02
  0.15854002E+01  0.12242637E+02
  0.15954603E+01  0.12334630E+02
  0.16055204E+01  0.12427707E+02
  0.16155805E+01  0.12521805E+02
  0.16256406E+01  0.12616852E+02
  0.16357007E+01  0.12712771E+02
  0.16457608E+01  0.12809471E+02
  0.16558209E+01  0.12906857E+02
  0.16658810E+01  0.13004826E+02
  0.16759411E+01  0.13103267E+02
  0.16860012E+01  0.13202065E+02
  0.16960613E+01  0.13301102E+02
  0.17061214E+01  0.13400255E+02
  0.17161815E+01  0.13499400E+02
  0.17262416E+01  0.13598414E+02
  0.17363017E+01  0.13697172E+02
  0.17463618E+01  0.13795552E+02
  0.17564219E+01  0.13893433E+02
  0.17664820E+01  0.13990699E+02
  0.17765421E+01  0.14087236E+02
  0.17866022E+01  0.14182935E+02
  0.17966623E+01  0.14277690E+02
  0.18067224E+01  0.14371400E+02
  0.18167825E+01  0.14463971E+02
  0.18268426E+01  0.14555310E+02
  0.18369027E+01  0.14645330E+02
  0.18469628E+01  0.14733948E+02
  0.18570229E+01  0.14821084E+02
  0.18670830E+01  0.14906663E+02
  0.18771431E+01  0.14990615E+02
  0.18872032E+01  0.15072875E+02
  0.18972633E+01  0.15153374E+02
  0.19073234E+01  0.15232031E+02
  0.19173835E+01  0.15308749E+02
  0.19274436E+01  0.15383428E+02
  0.19375037E+01  0.15455965E+02
  0.19475638E+01  0.15526264E+02
  0.19576239E+01  0.15594226E+02
  0.19676839E+01  0.15659753E+02
  0.19777440E+01  0.15722746E+02
  0.19878041E+01  0.15783105E+02
  0.19978642E+01  0.15840727E+02
  0.20079243E+01  0.15895511E+02
  0.20179844E+01  0.15947356E+02
  0.20280445E+01  0.15996160E+02
  0.20381046E+01  0.16041825E+02
  0.20481647E+01  0.16084252E+02
  0.20582248E+01  0.16123350E+02
  0.20682849E+01  0.16159027E+02
  0.20783450E+01  0.16191200E+02
  0.20884051E+01  0.16219790E+02
  0.20984652E+01  0.16244725E+02
  0.21085253E+01  0.16265940E+02
  0.21185854E+01  0.16283376E+02
  0.21286455E+01  0.16296984E+02
  0.21387056E+01  0.16306719E+02
  0.21487657E+01  0.16312550E+02
  0.21588258E+01  0.16314458E+02
  0.21588258E+01  0.16314465E+02
  0.21688021E+01  0.16313421E+02
  0.21787785E+01  0.16310203E+02
  0.21887548E+01  0.16304843E+02
  0.21987312E+01  0.16297348E+02
  0.22087075E+01  0.16287725E+02
  0.22186838E+01  0.16275983E+02
  0.22286602E+01  0.16262135E+02
  0.22386365E+01  0.16246193E+02
  0.22486129E+01  0.16228175E+02
  0.22585892E+01  0.16208100E+02
  0.22685655E+01  0.16185991E+02
  0.22785419E+01  0.16161874E+02
  0.22885182E+01  0.16135778E+02
  0.22984946E+01  0.16107737E+02
  0.23084709E+01  0.16077787E+02
  0.23184472E+01  0.16045971E+02
  0.23284236E+01  0.16012334E+02
  0.23383999E+01  0.15976926E+02
  0.23483763E+01  0.15939801E+02
  0.23583526E+01  0.15901019E+02
  0.23683289E+01  0.15860641E+02
  0.23783053E+01  0.15818736E+02
  0.23882816E+01  0.15775374E+02
  0.23982579E+01  0.15730631E+02
  0.24082343E+01  0.15684585E+02
  0.24182106E+01  0.15637319E+02
  0.24281870E+01  0.15588916E+02
  0.24381633E+01  0.15539465E+02
  0.24481396E+01  0.15489055E+02
  0.24581160E+01  0.15437776E+02
  0.24680923E+01  0.15385722E+02
  0.24780687E+01  0.15332985E+02
  0.24880450E+01  0.15279659E+02
  0.24980213E+01  0.15225836E+02
  0.25079977E+01  0.15171608E+02
  0.25179740E+01  0.15117067E+02
  0.25279504E+01  0.15062302E+02
  0.25379267E+01  0.15007401E+02
  0.25479030E+01  0.14952447E+02
  0.25578794E+01  0.14897524E+02
  0.25678557E+01  0.14842711E+02
  0.25779138E+01  0.14787636E+02
  0.25879719E+01  0.14732825E+02
  0.25980300E+01  0.14678347E+02
  0.26080882E+01  0.14624269E+02
  0.26181463E+01  0.14570653E+02
  0.26282044E+01  0.14517560E+02
  0.26382625E+01  0.14465043E+02
  0.26483206E+01  0.14413154E+02
  0.26583787E+01  0.14361942E+02
  0.26684368E+01  0.14311450E+02
  0.26784949E+01  0.14261719E+02
  0.26885531E+01  0.14212787E+02
  0.26986112E+01  0.14164690E+02
  0.27086693E+01  0.14117461E+02
  0.27187274E+01  0.14071131E+02
  0.27287855E+01  0.14025727E+02
  0.27388436E+01  0.13981277E+02
  0.27489017E+01  0.13937806E+02
  0.27589598E+01  0.13895338E+02
  0.27690180E+01  0.13853897E+02
  0.27790761E+01  0.13813503E+02
  0.27891342E+01  0.13774177E+02
  0.27991923E+01  0.13735941E+02
  0.28092504E+01  0.13698814E+02
  0.28193085E+01  0.13662818E+02
  0.28293666E+01  0.13634413E+02
  0.28394247E+01  0.13656463E+02
  0.28494829E+01  0.13673563E+02
  0.28595410E+01  0.13685594E+02
  0.28695991E+01  0.13692569E+02
  0.28796572E+01  0.13694521E+02
  0.28897153E+01  0.13691504E+02
  0.28997734E+01  0.13683583E+02
  0.29098315E+01  0.13670840E+02
  0.29198896E+01  0.13653373E+02
  0.29299478E+01  0.13631289E+02
  0.29400059E+01  0.13604711E+02
  0.29500640E+01  0.13573768E+02
  0.29601221E+01  0.13538602E+02
  0.29701802E+01  0.13499362E+02
  0.29802383E+01  0.13456203E+02
  0.29902964E+01  0.13409288E+02
  0.30003545E+01  0.13358784E+02
  0.30104127E+01  0.13304864E+02
  0.30204708E+01  0.13247719E+02
  0.30305289E+01  0.13187765E+02
  0.30405870E+01  0.13159482E+02
  0.30506451E+01  0.13146981E+02
  0.30607032E+01  0.13134899E+02
  0.30707613E+01  0.13123048E+02
  0.30808194E+01  0.13111290E+02
  0.30908776E+01  0.13099490E+02
  0.31009357E+01  0.13087511E+02
  0.31109938E+01  0.13075211E+02
  0.31210519E+01  0.13062448E+02
  0.31311100E+01  0.13049078E+02
  0.31411681E+01  0.13034957E+02
  0.31512262E+01  0.13019943E+02
  0.31612843E+01  0.13003896E+02
  0.31713424E+01  0.12986680E+02
  0.31814006E+01  0.12968162E+02
  0.31914587E+01  0.12948217E+02
  0.32015168E+01  0.12926724E+02
  0.32115749E+01  0.12903571E+02
  0.32216330E+01  0.12878653E+02
  0.32316911E+01  0.12851875E+02
  0.32417492E+01  0.12823149E+02
  0.32518073E+01  0.12792398E+02
  0.32618655E+01  0.12759554E+02
  0.32719236E+01  0.12724558E+02
  0.32819817E+01  0.12687363E+02
  0.32920398E+01  0.12647929E+02
  0.33020979E+01  0.12606227E+02
  0.33121560E+01  0.12562238E+02
  0.33222141E+01  0.12515950E+02
  0.33322722E+01  0.12467361E+02
  0.33423304E+01  0.12416478E+02
  0.33523885E+01  0.12363316E+02
  0.33624466E+01  0.12307895E+02
  0.33725047E+01  0.12250245E+02
  0.33825628E+01  0.12190402E+02
  0.33926209E+01  0.12128410E+02
  0.34026790E+01  0.12064318E+02
  0.34127371E+01  0.11998181E+02
  0.34227953E+01  0.11930063E+02
  0.34328534E+01  0.11860031E+02
  0.34429115E+01  0.11788160E+02
  0.34529696E+01  0.11714533E+02
  0.34630277E+01  0.11639238E+02
  0.34730858E+01  0.11562371E+02
  0.34831439E+01  0.11484036E+02
  0.34932020E+01  0.11404349E+02
  0.35032602E+01  0.11323430E+02
  0.35133183E+01  0.11241416E+02
  0.35233764E+01  0.11158450E+02
  0.35334345E+01  0.11074694E+02
  0.35434926E+01  0.10990322E+02
  0.35535507E+01  0.10905525E+02
  0.35636088E+01  0.10820513E+02
  0.35736669E+01  0.10735517E+02
  0.35837251E+01  0.10650791E+02
  0.35937832E+01  0.10566615E+02
  0.36038413E+01  0.10483296E+02
  0.36138994E+01  0.10401172E+02
  0.36239575E+01  0.10320611E+02
  0.36340156E+01  0.10242014E+02
  0.36440737E+01  0.10165811E+02
  0.36541318E+01  0.10092460E+02
  0.36641900E+01  0.10022435E+02
  0.36742481E+01  0.99562185E+01
  0.36843062E+01  0.98942803E+01
  0.36943643E+01  0.98370577E+01
  0.37044224E+01  0.97849306E+01
  0.37144805E+01  0.97381993E+01
  0.37245386E+01  0.96970681E+01
  0.37345967E+01  0.96616397E+01
  0.37446548E+01  0.96319233E+01
  0.37547130E+01  0.96078537E+01
  0.37647711E+01  0.95893204E+01
  0.37748292E+01  0.95761976E+01
  0.37848873E+01  0.95683730E+01
  0.37949454E+01  0.95657698E+01
  
