  0.00000000E+00  0.12113261E+02
  0.19037071E-01  0.12089212E+02
  0.38074143E-01  0.12073724E+02
  0.57111214E-01  0.12066902E+02
  0.76148286E-01  0.12068691E+02
  0.95185357E-01  0.12078878E+02
  0.11422243E+00  0.12097134E+02
  0.13325950E+00  0.12123047E+02
  0.15229657E+00  0.12156172E+02
  0.17133364E+00  0.12196065E+02
  0.19037071E+00  0.12242305E+02
  0.20940779E+00  0.12294493E+02
  0.22844486E+00  0.12352231E+02
  0.24748193E+00  0.12415086E+02
  0.26651900E+00  0.12482552E+02
  0.28555607E+00  0.12554012E+02
  0.30459314E+00  0.12628720E+02
  0.32363021E+00  0.12705813E+02
  0.34266728E+00  0.12784340E+02
  0.36170436E+00  0.12863338E+02
  0.38074143E+00  0.12941916E+02
  0.39977850E+00  0.13019364E+02
  0.41881557E+00  0.13095245E+02
  0.43785264E+00  0.13169477E+02
  0.45688971E+00  0.13242366E+02
  0.47592678E+00  0.13314598E+02
  0.49496386E+00  0.13387175E+02
  0.51400093E+00  0.13461309E+02
  0.53303800E+00  0.13538288E+02
  0.55207507E+00  0.13619324E+02
  0.57111214E+00  0.13705418E+02
  0.59014921E+00  0.13797248E+02
  0.60918628E+00  0.13895087E+02
  0.62822336E+00  0.13998771E+02
  0.64726043E+00  0.14107704E+02
  0.66629750E+00  0.14220897E+02
  0.68533457E+00  0.14337040E+02
  0.70437164E+00  0.14454595E+02
  0.72340871E+00  0.14571890E+02
  0.74244578E+00  0.14687231E+02
  0.76148286E+00  0.14798993E+02
  0.78051993E+00  0.14905713E+02
  0.79955700E+00  0.15006156E+02
  0.81859407E+00  0.15099373E+02
  0.83763114E+00  0.15184727E+02
  0.85666821E+00  0.15261906E+02
  0.87570528E+00  0.15330906E+02
  0.89474235E+00  0.15392006E+02
  0.91377943E+00  0.15445728E+02
  0.93281650E+00  0.15492780E+02
  0.95185357E+00  0.15534006E+02
  0.97089064E+00  0.15570316E+02
  0.98992771E+00  0.15602621E+02
  0.10089648E+01  0.15631756E+02
  0.10280019E+01  0.15658408E+02
  0.10470389E+01  0.15683051E+02
  0.10660760E+01  0.15705886E+02
  0.10851131E+01  0.15726790E+02
  0.11041501E+01  0.15745273E+02
  0.11231872E+01  0.15760392E+02
  0.11422243E+01  0.15770540E+02
  0.11612614E+01  0.15772756E+02
  0.11802984E+01  0.15760667E+02
  0.11993355E+01  0.15722372E+02
  0.12183726E+01  0.15654747E+02
  0.12374096E+01  0.15573422E+02
  0.12564467E+01  0.15490544E+02
  0.12754838E+01  0.15411254E+02
  0.12945209E+01  0.15337778E+02
  0.13135579E+01  0.15271073E+02
  0.13325950E+01  0.15211321E+02
  0.13516321E+01  0.15158076E+02
  0.13706691E+01  0.15110284E+02
  0.13897062E+01  0.15066238E+02
  0.14087433E+01  0.15023485E+02
  0.14277804E+01  0.14978855E+02
  0.14468174E+01  0.14929054E+02
  0.14658545E+01  0.14872271E+02
  0.14848916E+01  0.14809557E+02
  0.15039286E+01  0.14744028E+02
  0.15229657E+01  0.14678982E+02
  0.15420028E+01  0.14616917E+02
  0.15610399E+01  0.14559426E+02
  0.15800769E+01  0.14507362E+02
  0.15991140E+01  0.14461008E+02
  0.16181511E+01  0.14420216E+02
  0.16371881E+01  0.14384532E+02
  0.16562252E+01  0.14353325E+02
  0.16752623E+01  0.14325921E+02
  0.16942994E+01  0.14301748E+02
  0.17133364E+01  0.14280470E+02
  0.17323735E+01  0.14262066E+02
  0.17514106E+01  0.14246834E+02
  0.17704476E+01  0.14235308E+02
  0.17894847E+01  0.14228106E+02
  0.18085218E+01  0.14225774E+02
  0.18275589E+01  0.14228658E+02
  0.18465959E+01  0.14236831E+02
  0.18656330E+01  0.14250068E+02
  0.18846701E+01  0.14267868E+02
  0.19037071E+01  0.14289496E+02
  0.19226572E+01  0.14272149E+02
  0.19416073E+01  0.14257551E+02
  0.19605574E+01  0.14246128E+02
  0.19795075E+01  0.14238290E+02
  0.19984576E+01  0.14234422E+02
  0.20174077E+01  0.14234864E+02
  0.20363578E+01  0.14239896E+02
  0.20553079E+01  0.14249734E+02
  0.20742580E+01  0.14264524E+02
  0.20932081E+01  0.14284339E+02
  0.21121582E+01  0.14309186E+02
  0.21311083E+01  0.14339016E+02
  0.21500584E+01  0.14373734E+02
  0.21690085E+01  0.14413211E+02
  0.21879586E+01  0.14457298E+02
  0.22069087E+01  0.14505830E+02
  0.22258588E+01  0.14558637E+02
  0.22448089E+01  0.14615543E+02
  0.22637590E+01  0.14676355E+02
  0.22827091E+01  0.14740862E+02
  0.23016592E+01  0.14808820E+02
  0.23206093E+01  0.14879932E+02
  0.23395594E+01  0.14953834E+02
  0.23585096E+01  0.15030039E+02
  0.23774597E+01  0.15107757E+02
  0.23964098E+01  0.15184512E+02
  0.24153599E+01  0.15246260E+02
  0.24343100E+01  0.15290859E+02
  0.24532601E+01  0.15334242E+02
  0.24722102E+01  0.15379494E+02
  0.24911603E+01  0.15427546E+02
  0.25101104E+01  0.15479039E+02
  0.25290605E+01  0.15534548E+02
  0.25480106E+01  0.15594608E+02
  0.25669607E+01  0.15659708E+02
  0.25859108E+01  0.15730253E+02
  0.26048609E+01  0.15806535E+02
  0.26238110E+01  0.15888691E+02
  0.26427611E+01  0.15976661E+02
  0.26617112E+01  0.16070160E+02
  0.26806613E+01  0.16168645E+02
  0.26996114E+01  0.16271290E+02
  0.27185615E+01  0.16376923E+02
  0.27375116E+01  0.16456611E+02
  0.27564617E+01  0.16507832E+02
  0.27754118E+01  0.16518125E+02
  0.27943619E+01  0.16438428E+02
  0.28133120E+01  0.16359649E+02
  0.28322621E+01  0.16285000E+02
  0.28512122E+01  0.16214956E+02
  0.28701623E+01  0.16149757E+02
  0.28891124E+01  0.16089596E+02
  0.29080625E+01  0.16034640E+02
  0.29270126E+01  0.15985039E+02
  0.29459627E+01  0.15940918E+02
  0.29649128E+01  0.15902380E+02
  0.29838629E+01  0.15869498E+02
  0.30028130E+01  0.15842317E+02
  0.30217631E+01  0.15820851E+02
  0.30407132E+01  0.15805086E+02
  0.30596633E+01  0.15794981E+02
  0.30786134E+01  0.15790468E+02
  0.30975635E+01  0.15791455E+02
  0.31165136E+01  0.15797814E+02
  0.31354637E+01  0.15809380E+02
  0.31544138E+01  0.15825933E+02
  0.31733639E+01  0.15847180E+02
  0.31923140E+01  0.15872740E+02
  0.32112641E+01  0.15902132E+02
  0.32302142E+01  0.15934795E+02
  0.32491643E+01  0.15970130E+02
  0.32681144E+01  0.16007607E+02
  0.32870645E+01  0.16046896E+02
  0.33060146E+01  0.16088015E+02
  0.33249647E+01  0.16131381E+02
  0.33439148E+01  0.16177735E+02
  0.33628649E+01  0.16227925E+02
  0.33818150E+01  0.16282660E+02
  0.34007651E+01  0.16342330E+02
  0.34197152E+01  0.16406925E+02
  0.34386653E+01  0.16476049E+02
  0.34576154E+01  0.16548979E+02
  0.34765655E+01  0.16624754E+02
  0.34955156E+01  0.16702261E+02
  0.35144657E+01  0.16780309E+02
  0.35334158E+01  0.16857698E+02
  0.35523659E+01  0.16933269E+02
  0.35714030E+01  0.16798496E+02
  0.35904400E+01  0.16675741E+02
  0.36094771E+01  0.16569321E+02
  0.36285142E+01  0.16481959E+02
  0.36475512E+01  0.16414793E+02
  0.36665883E+01  0.16367451E+02
  0.36856254E+01  0.16338212E+02
  0.37046625E+01  0.16324227E+02
  0.37236995E+01  0.16321796E+02
  0.37427366E+01  0.16326695E+02
  0.37617737E+01  0.16334507E+02
  0.37808107E+01  0.16340906E+02
  0.37998478E+01  0.16341834E+02
  0.38188849E+01  0.16333565E+02
  0.38379220E+01  0.16312856E+02
  0.38569590E+01  0.16277471E+02
  0.38759961E+01  0.16226837E+02
  0.38950332E+01  0.16161953E+02
  0.39140702E+01  0.16084621E+02
  0.39331073E+01  0.15996826E+02
  0.39521444E+01  0.15900500E+02
  0.39711815E+01  0.15797482E+02
  0.39902185E+01  0.15689549E+02
  0.40092556E+01  0.15578467E+02
  0.40282927E+01  0.15466047E+02
  0.40473297E+01  0.15354174E+02
  0.40663668E+01  0.15244783E+02
  0.40854039E+01  0.15139768E+02
  0.41044410E+01  0.15040844E+02
  0.41234780E+01  0.14949404E+02
  0.41425151E+01  0.14866394E+02
  0.41615522E+01  0.14792249E+02
  0.41805892E+01  0.14726891E+02
  0.41996263E+01  0.14669795E+02
  0.42186634E+01  0.14620100E+02
  0.42377005E+01  0.14576748E+02
  0.42567375E+01  0.14538625E+02
  0.42757746E+01  0.14504688E+02
  0.42948117E+01  0.14474054E+02
  0.43138487E+01  0.14446066E+02
  0.43328858E+01  0.14420306E+02
  0.43519229E+01  0.14396594E+02
  0.43709600E+01  0.14374953E+02
  0.43899970E+01  0.14355562E+02
  0.44090341E+01  0.14338694E+02
  0.44280712E+01  0.14324664E+02
  0.44471082E+01  0.14313767E+02
  0.44661453E+01  0.14306239E+02
  0.44851824E+01  0.14302226E+02
  0.45042195E+01  0.14301783E+02
  0.45231789E+01  0.14296500E+02
  0.45421384E+01  0.14297530E+02
  0.45610979E+01  0.14304650E+02
  0.45800574E+01  0.14317342E+02
  0.45990169E+01  0.14334809E+02
  0.46179764E+01  0.14356008E+02
  0.46369359E+01  0.14379689E+02
  0.46558954E+01  0.14404444E+02
  0.46748549E+01  0.14428771E+02
  0.46938144E+01  0.14451143E+02
  0.47127739E+01  0.14470099E+02
  0.47317334E+01  0.14484339E+02
  0.47506929E+01  0.14492825E+02
  0.47696524E+01  0.14494871E+02
  0.47886119E+01  0.14490219E+02
  0.48075714E+01  0.14479069E+02
  0.48265309E+01  0.14462068E+02
  0.48454904E+01  0.14440256E+02
  0.48644499E+01  0.14414960E+02
  0.48834094E+01  0.14387665E+02
  0.49023689E+01  0.14359871E+02
  0.49213284E+01  0.14332950E+02
  0.49402879E+01  0.14308024E+02
  0.49592474E+01  0.14285874E+02
  0.49782069E+01  0.14266874E+02
  0.49971664E+01  0.14250969E+02
  0.50161258E+01  0.14237677E+02
  0.50350853E+01  0.14226126E+02
  0.50540448E+01  0.14215108E+02
  0.50730043E+01  0.14203156E+02
  0.50919638E+01  0.14188627E+02
  0.51109233E+01  0.14169806E+02
  0.51298828E+01  0.14145017E+02
  0.51488423E+01  0.14112746E+02
  0.51678018E+01  0.14071771E+02
  0.51867613E+01  0.14021288E+02
  0.52057208E+01  0.13961020E+02
  0.52246803E+01  0.13891280E+02
  0.52436398E+01  0.13812987E+02
  0.52625993E+01  0.13727607E+02
  0.52815588E+01  0.13637042E+02
  0.53005183E+01  0.13543470E+02
  0.53194778E+01  0.13449165E+02
  0.53384373E+01  0.13356305E+02
  0.53573968E+01  0.13266811E+02
  0.53763563E+01  0.13182200E+02
  0.53953158E+01  0.13103483E+02
  0.54142753E+01  0.13031112E+02
  0.54332348E+01  0.12964968E+02
  0.54521943E+01  0.12904410E+02
  0.54711538E+01  0.12848374E+02
  0.54901133E+01  0.12795515E+02
  0.55090727E+01  0.12744391E+02
  0.55280322E+01  0.12693661E+02
  0.55469917E+01  0.12642274E+02
  0.55659512E+01  0.12589624E+02
  0.55849107E+01  0.12535633E+02
  0.56038702E+01  0.12480772E+02
  0.56228297E+01  0.12425980E+02
  0.56417892E+01  0.12372532E+02
  0.56607487E+01  0.12321854E+02
  0.56797082E+01  0.12275328E+02
  0.56986677E+01  0.12234116E+02
  0.57176272E+01  0.12199028E+02
  0.57365867E+01  0.12170444E+02
  0.57555462E+01  0.12148316E+02
  0.57745057E+01  0.12132216E+02
  0.57934652E+01  0.12121449E+02
  0.58124247E+01  0.12115198E+02
  0.58313842E+01  0.12112675E+02
  0.58503437E+01  0.12113261E+02
  0.58693807E+01  0.12118741E+02
  0.58884178E+01  0.12120774E+02
  0.59074549E+01  0.12119813E+02
  0.59264920E+01  0.12116678E+02
  0.59455290E+01  0.12112487E+02
  0.59645661E+01  0.12108582E+02
  0.59836032E+01  0.12106443E+02
  0.60026402E+01  0.12107606E+02
  0.60216773E+01  0.12113585E+02
  0.60407144E+01  0.12125791E+02
  0.60597515E+01  0.12145480E+02
  0.60787885E+01  0.12173692E+02
  0.60978256E+01  0.12211215E+02
  0.61168627E+01  0.12258558E+02
  0.61358997E+01  0.12315936E+02
  0.61549368E+01  0.12383269E+02
  0.61739739E+01  0.12460197E+02
  0.61930110E+01  0.12546104E+02
  0.62120480E+01  0.12640156E+02
  0.62310851E+01  0.12741352E+02
  0.62501222E+01  0.12848573E+02
  0.62691592E+01  0.12960647E+02
  0.62881963E+01  0.13076403E+02
  0.63072334E+01  0.13194725E+02
  0.63262705E+01  0.13314598E+02
  0.63453075E+01  0.13435139E+02
  0.63643446E+01  0.13555610E+02
  0.63833817E+01  0.13675421E+02
  0.64024187E+01  0.13794113E+02
  0.64214558E+01  0.13911330E+02
  0.64404929E+01  0.14026786E+02
  0.64595300E+01  0.14140228E+02
  0.64785670E+01  0.14251407E+02
  0.64976041E+01  0.14360054E+02
  0.65166412E+01  0.14465874E+02
  0.65356782E+01  0.14568540E+02
  0.65547153E+01  0.14667716E+02
  0.65737524E+01  0.14763066E+02
  0.65927895E+01  0.14854281E+02
  0.66118265E+01  0.14941089E+02
  0.66308636E+01  0.15023267E+02
  0.66499007E+01  0.15100639E+02
  0.66689377E+01  0.15173069E+02
  0.66879748E+01  0.15240448E+02
  0.67070119E+01  0.15302683E+02
  0.67260490E+01  0.15359687E+02
  0.67450860E+01  0.15411380E+02
  0.67641231E+01  0.15457690E+02
  0.67831602E+01  0.15498570E+02
  0.68021972E+01  0.15534006E+02
  0.68212343E+01  0.15564037E+02
  0.68402714E+01  0.15588765E+02
  0.68593085E+01  0.15608352E+02
  0.68783455E+01  0.15623028E+02
  0.68973826E+01  0.15633068E+02
  0.69164197E+01  0.15638789E+02
  0.69354567E+01  0.15640520E+02
  0.69544938E+01  0.15638593E+02
  0.69735309E+01  0.15633318E+02
  0.69925680E+01  0.15624973E+02
  0.70116050E+01  0.15613787E+02
  0.70306421E+01  0.15599937E+02
  0.70496792E+01  0.15583529E+02
  0.70687162E+01  0.15564592E+02
  0.70877533E+01  0.15543031E+02
  0.71067904E+01  0.15518518E+02
  0.71258275E+01  0.15490090E+02
  0.71448645E+01  0.15454663E+02
  0.71639016E+01  0.15404821E+02
  0.71829387E+01  0.15339567E+02
  0.72019757E+01  0.15267914E+02
  0.72210128E+01  0.15194666E+02
  0.72400499E+01  0.15121538E+02
  0.72590870E+01  0.15049395E+02
  0.72781240E+01  0.14978855E+02
  0.72971611E+01  0.14910449E+02
  0.73161982E+01  0.14844663E+02
  0.73352352E+01  0.14781937E+02
  0.73542723E+01  0.14722662E+02
  0.73733094E+01  0.14667168E+02
  0.73923465E+01  0.14615716E+02
  0.74113835E+01  0.14568489E+02
  0.74304206E+01  0.14525593E+02
  0.74494577E+01  0.14487051E+02
  0.74684947E+01  0.14452813E+02
  0.74875318E+01  0.14422754E+02
  0.75065689E+01  0.14396687E+02
  0.75256060E+01  0.14374372E+02
  0.75446430E+01  0.14355524E+02
  0.75636801E+01  0.14339830E+02
  0.75827172E+01  0.14326953E+02
  0.76017542E+01  0.14316551E+02
  0.76207913E+01  0.14308282E+02
  0.76398284E+01  0.14301823E+02
  0.76588655E+01  0.14296875E+02
  0.76779025E+01  0.14293188E+02
  0.76969396E+01  0.14290584E+02
  0.77159767E+01  0.14288992E+02
  0.77350137E+01  0.14288515E+02
  0.77540508E+01  0.14289496E+02
  0.77730103E+01  0.14281234E+02
  0.77919698E+01  0.14276239E+02
  0.78109293E+01  0.14274730E+02
  0.78298888E+01  0.14276942E+02
  0.78488483E+01  0.14283115E+02
  0.78678078E+01  0.14293477E+02
  0.78867673E+01  0.14308218E+02
  0.79057268E+01  0.14327466E+02
  0.79246863E+01  0.14351252E+02
  0.79436458E+01  0.14379483E+02
  0.79626053E+01  0.14411889E+02
  0.79815648E+01  0.14447968E+02
  0.80005243E+01  0.14486871E+02
  0.80194838E+01  0.14527248E+02
  0.80384433E+01  0.14567176E+02
  0.80574028E+01  0.14604654E+02
  0.80763622E+01  0.14638819E+02
  0.80953217E+01  0.14670417E+02
  0.81142812E+01  0.14700875E+02
  0.81332407E+01  0.14731488E+02
  0.81522002E+01  0.14763228E+02
  0.81711597E+01  0.14796785E+02
  0.81901192E+01  0.14832603E+02
  0.82090787E+01  0.14870877E+02
  0.82280382E+01  0.14911527E+02
  0.82469977E+01  0.14954174E+02
  0.82659572E+01  0.14998131E+02
  0.82849167E+01  0.15042423E+02
  0.83038762E+01  0.15085858E+02
  0.83228357E+01  0.15127133E+02
  0.83417952E+01  0.15164951E+02
  0.83607547E+01  0.15198136E+02
  0.83797142E+01  0.15225713E+02
  0.83986737E+01  0.15246953E+02
  0.84176332E+01  0.15261383E+02
  0.84365927E+01  0.15268784E+02
  0.84555522E+01  0.15269179E+02
  0.84745117E+01  0.15262809E+02
  0.84934712E+01  0.15250103E+02
  0.85124307E+01  0.15231641E+02
  0.85313902E+01  0.15208110E+02
  0.85503497E+01  0.15180254E+02
  0.85693091E+01  0.15148833E+02
  0.85882686E+01  0.15114591E+02
  0.86072281E+01  0.15078235E+02
  0.86261876E+01  0.15040424E+02
  0.86451471E+01  0.15001775E+02
  0.86641066E+01  0.14962870E+02
  0.86830661E+01  0.14924256E+02
  0.87020256E+01  0.14886456E+02
  0.87209851E+01  0.14849957E+02
  0.87399446E+01  0.14815203E+02
  0.87589041E+01  0.14782570E+02
  0.87778636E+01  0.14752338E+02
  0.87968231E+01  0.14724666E+02
  0.88157826E+01  0.14699557E+02
  0.88347421E+01  0.14676838E+02
  0.88537016E+01  0.14656151E+02
  0.88726611E+01  0.14636947E+02
  0.88916206E+01  0.14618520E+02
  0.89105801E+01  0.14600039E+02
  0.89295396E+01  0.14580626E+02
  0.89484991E+01  0.14559428E+02
  0.89674586E+01  0.14535725E+02
  0.89864181E+01  0.14509018E+02
  0.90053776E+01  0.14479122E+02
  0.90243371E+01  0.14446223E+02
  0.90432966E+01  0.14410909E+02
  0.90622560E+01  0.14374153E+02
  0.90812155E+01  0.14337262E+02
  0.91001750E+01  0.14301783E+02
  0.91191345E+01  0.14319446E+02
  0.91380940E+01  0.14336212E+02
  0.91570535E+01  0.14351512E+02
  0.91760130E+01  0.14364943E+02
  0.91949725E+01  0.14376282E+02
  0.92139320E+01  0.14385493E+02
  0.92328915E+01  0.14392709E+02
  0.92518510E+01  0.14398214E+02
  0.92708105E+01  0.14402405E+02
  0.92897700E+01  0.14405755E+02
  0.93087295E+01  0.14408761E+02
  0.93276890E+01  0.14411901E+02
  0.93466485E+01  0.14415590E+02
  0.93656080E+01  0.14420142E+02
  0.93845675E+01  0.14425739E+02
  0.94035270E+01  0.14432404E+02
  0.94224865E+01  0.14439988E+02
  0.94414460E+01  0.14448167E+02
  0.94604055E+01  0.14456447E+02
  0.94793650E+01  0.14464177E+02
  0.94983245E+01  0.14470586E+02
  0.95172840E+01  0.14474815E+02
  0.95362435E+01  0.14475972E+02
  0.95552029E+01  0.14473183E+02
  0.95741624E+01  0.14465655E+02
  0.95931219E+01  0.14452730E+02
  0.96120814E+01  0.14433932E+02
  0.96310409E+01  0.14408994E+02
  0.96500004E+01  0.14377868E+02
  0.96689599E+01  0.14340709E+02
  0.96879194E+01  0.14297843E+02
  0.97068789E+01  0.14249721E+02
  0.97258384E+01  0.14196869E+02
  0.97447979E+01  0.14139851E+02
  0.97637574E+01  0.14079234E+02
  0.97827169E+01  0.14015568E+02
  0.98016764E+01  0.13949374E+02
  0.98206359E+01  0.13881141E+02
  0.98395954E+01  0.13811311E+02
  0.98585549E+01  0.13740277E+02
  0.98775144E+01  0.13668361E+02
  0.98964739E+01  0.13595802E+02
  0.99154334E+01  0.13522742E+02
  0.99343929E+01  0.13449221E+02
  0.99533524E+01  0.13375179E+02
  0.99723119E+01  0.13300483E+02
  0.99912714E+01  0.13224954E+02
  0.10010231E+02  0.13148424E+02
  0.10029190E+02  0.13070781E+02
  0.10048150E+02  0.12992030E+02
  0.10067109E+02  0.12912334E+02
  0.10086069E+02  0.12832046E+02
  0.10105028E+02  0.12751722E+02
  0.10123988E+02  0.12672104E+02
  0.10142947E+02  0.12594092E+02
  0.10161907E+02  0.12518693E+02
  0.10180866E+02  0.12446960E+02
  0.10199826E+02  0.12379924E+02
  0.10218785E+02  0.12318535E+02
  0.10237745E+02  0.12263598E+02
  0.10256704E+02  0.12215731E+02
  0.10275664E+02  0.12175336E+02
  0.10294623E+02  0.12142578E+02
  0.10313583E+02  0.12117396E+02
  0.10332542E+02  0.12099516E+02
  0.10351502E+02  0.12088486E+02
  0.10370461E+02  0.12083715E+02
  0.10389421E+02  0.12084524E+02
  0.10408380E+02  0.12090190E+02
  0.10427340E+02  0.12099995E+02
  0.10446299E+02  0.12113261E+02
  0.10465249E+02  0.12116446E+02
  0.10484199E+02  0.12120954E+02
  0.10503150E+02  0.12127021E+02
  0.10522100E+02  0.12135094E+02
  0.10541050E+02  0.12145782E+02
  0.10560000E+02  0.12159780E+02
  0.10578950E+02  0.12177798E+02
  0.10597900E+02  0.12200491E+02
  0.10616850E+02  0.12228394E+02
  0.10635800E+02  0.12261887E+02
  0.10654750E+02  0.12301172E+02
  0.10673700E+02  0.12346269E+02
  0.10692651E+02  0.12397038E+02
  0.10711601E+02  0.12453209E+02
  0.10730551E+02  0.12514418E+02
  0.10749501E+02  0.12580256E+02
  0.10768451E+02  0.12650300E+02
  0.10787401E+02  0.12724149E+02
  0.10806351E+02  0.12801445E+02
  0.10825301E+02  0.12881878E+02
  0.10844251E+02  0.12965189E+02
  0.10863201E+02  0.13051150E+02
  0.10882152E+02  0.13139558E+02
  0.10901102E+02  0.13230204E+02
  0.10920052E+02  0.13322866E+02
  0.10939002E+02  0.13417293E+02
  0.10957952E+02  0.13513203E+02
  0.10976902E+02  0.13610284E+02
  0.10995852E+02  0.13708206E+02
  0.11014802E+02  0.13806636E+02
  0.11033752E+02  0.13905253E+02
  0.11052702E+02  0.14003759E+02
  0.11071653E+02  0.14101886E+02
  0.11090603E+02  0.14199396E+02
  0.11109553E+02  0.14296073E+02
  0.11128503E+02  0.14391708E+02
  0.11147453E+02  0.14486080E+02
  0.11166403E+02  0.14578943E+02
  0.11185353E+02  0.14670009E+02
  0.11204303E+02  0.14758947E+02
  0.11223253E+02  0.14845391E+02
  0.11242203E+02  0.14928950E+02
  0.11261154E+02  0.15009235E+02
  0.11280104E+02  0.15085888E+02
  0.11299054E+02  0.15158608E+02
  0.11318004E+02  0.15227188E+02
  0.11336954E+02  0.15291546E+02
  0.11355904E+02  0.15351767E+02
  0.11374854E+02  0.15408144E+02
  0.11393804E+02  0.15461220E+02
  0.11412754E+02  0.15511818E+02
  0.11431704E+02  0.15561030E+02
  0.11450655E+02  0.15610157E+02
  0.11469605E+02  0.15660576E+02
  0.11488555E+02  0.15713580E+02
  0.11507505E+02  0.15770204E+02
  0.11526455E+02  0.15831072E+02
  0.11545405E+02  0.15896278E+02
  0.11564355E+02  0.15965290E+02
  0.11583305E+02  0.16036834E+02
  0.11602255E+02  0.16108753E+02
  0.11621205E+02  0.16177922E+02
  0.11640156E+02  0.16240622E+02
  0.11659106E+02  0.16294026E+02
  0.11678056E+02  0.16338119E+02
  0.11697006E+02  0.16375504E+02
  0.11715956E+02  0.16409198E+02
  0.11734906E+02  0.16441077E+02
  0.11753856E+02  0.16471415E+02
  0.11772806E+02  0.16498288E+02
  0.11791756E+02  0.16515548E+02
  0.11810707E+02  0.16513576E+02
  0.11829657E+02  0.16493118E+02
  0.11848607E+02  0.16463595E+02
  0.11867557E+02  0.16431697E+02
  0.11886507E+02  0.16401734E+02
  0.11905457E+02  0.16377190E+02
  0.11924407E+02  0.16361238E+02
  0.11943357E+02  0.16356817E+02
  0.11962307E+02  0.16366570E+02
  0.11981257E+02  0.16392725E+02
  0.12000208E+02  0.16436963E+02
  0.12019158E+02  0.16500272E+02
  0.12038108E+02  0.16582826E+02
  0.12057058E+02  0.16683869E+02
  0.12076008E+02  0.16801631E+02
  0.12094958E+02  0.16933269E+02
  0.12113995E+02  0.16873541E+02
  0.12133032E+02  0.16814703E+02
  0.12152069E+02  0.16756886E+02
  0.12171106E+02  0.16700250E+02
  0.12190143E+02  0.16645012E+02
  0.12209180E+02  0.16591457E+02
  0.12228218E+02  0.16539948E+02
  0.12247255E+02  0.16490898E+02
  0.12266292E+02  0.16444730E+02
  0.12285329E+02  0.16401773E+02
  0.12304366E+02  0.16362076E+02
  0.12323403E+02  0.16324973E+02
  0.12342440E+02  0.16288048E+02
  0.12361477E+02  0.16245141E+02
  0.12380514E+02  0.16187765E+02
  0.12399551E+02  0.16116105E+02
  0.12418588E+02  0.16037816E+02
  0.12437625E+02  0.15958317E+02
  0.12456662E+02  0.15880149E+02
  0.12475699E+02  0.15804421E+02
  0.12494737E+02  0.15731542E+02
  0.12513774E+02  0.15661535E+02
  0.12532811E+02  0.15594189E+02
  0.12551848E+02  0.15529164E+02
  0.12570885E+02  0.15466047E+02
  0.12589922E+02  0.15404404E+02
  0.12608959E+02  0.15343813E+02
  0.12627996E+02  0.15283890E+02
  0.12647033E+02  0.15224297E+02
  0.12666070E+02  0.15164760E+02
  0.12685107E+02  0.15105076E+02
  0.12704144E+02  0.15045122E+02
  0.12723181E+02  0.14984865E+02
  0.12742218E+02  0.14924372E+02
  0.12761256E+02  0.14863819E+02
  0.12780293E+02  0.14803486E+02
  0.12799330E+02  0.14743765E+02
  0.12818367E+02  0.14685145E+02
  0.12837404E+02  0.14628201E+02
  0.12856441E+02  0.14573584E+02
  0.12875478E+02  0.14521996E+02
  0.12894515E+02  0.14474172E+02
  0.12913552E+02  0.14430851E+02
  0.12932589E+02  0.14392747E+02
  0.12951626E+02  0.14360517E+02
  0.12970663E+02  0.14334718E+02
  0.12989700E+02  0.14315779E+02
  0.13008737E+02  0.14303962E+02
  0.13027775E+02  0.14299340E+02
  0.13046812E+02  0.14301783E+02
  
  0.00000000E+00  0.18392784E+02
  0.19037071E-01  0.18367814E+02
  0.38074143E-01  0.18342563E+02
  0.57111214E-01  0.18317681E+02
  0.76148286E-01  0.18293835E+02
  0.95185357E-01  0.18271682E+02
  0.11422243E+00  0.18251838E+02
  0.13325950E+00  0.18234848E+02
  0.15229657E+00  0.18221159E+02
  0.17133364E+00  0.18211091E+02
  0.19037071E+00  0.18204822E+02
  0.20940779E+00  0.18202365E+02
  0.22844486E+00  0.18203563E+02
  0.24748193E+00  0.18208094E+02
  0.26651900E+00  0.18215479E+02
  0.28555607E+00  0.18225118E+02
  0.30459314E+00  0.18236343E+02
  0.32363021E+00  0.18248491E+02
  0.34266728E+00  0.18260992E+02
  0.36170436E+00  0.18273436E+02
  0.38074143E+00  0.18285613E+02
  0.39977850E+00  0.18297503E+02
  0.41881557E+00  0.18309229E+02
  0.43785264E+00  0.18321002E+02
  0.45688971E+00  0.18333060E+02
  0.47592678E+00  0.18345631E+02
  0.49496386E+00  0.18336581E+02
  0.51400093E+00  0.18330116E+02
  0.53303800E+00  0.18326729E+02
  0.55207507E+00  0.18326804E+02
  0.57111214E+00  0.18330605E+02
  0.59014921E+00  0.18338253E+02
  0.60918628E+00  0.18349670E+02
  0.62822336E+00  0.18364373E+02
  0.64726043E+00  0.18380085E+02
  0.66629750E+00  0.18368455E+02
  0.68533457E+00  0.18260583E+02
  0.70437164E+00  0.18131854E+02
  0.72340871E+00  0.18002923E+02
  0.74244578E+00  0.17877777E+02
  0.76148286E+00  0.17758424E+02
  0.78051993E+00  0.17646161E+02
  0.79955700E+00  0.17541764E+02
  0.81859407E+00  0.17445527E+02
  0.83763114E+00  0.17357276E+02
  0.85666821E+00  0.17276412E+02
  0.87570528E+00  0.17201967E+02
  0.89474235E+00  0.17132681E+02
  0.91377943E+00  0.17067095E+02
  0.93281650E+00  0.17003642E+02
  0.95185357E+00  0.16940738E+02
  0.97089064E+00  0.16876864E+02
  0.98992771E+00  0.16810646E+02
  0.10089648E+01  0.16740924E+02
  0.10280019E+01  0.16666810E+02
  0.10470389E+01  0.16587748E+02
  0.10660760E+01  0.16503548E+02
  0.10851131E+01  0.16414428E+02
  0.11041501E+01  0.16321050E+02
  0.11231872E+01  0.16224597E+02
  0.11422243E+01  0.16126989E+02
  0.11612614E+01  0.16031566E+02
  0.11802984E+01  0.15945151E+02
  0.11993355E+01  0.15880158E+02
  0.12183726E+01  0.15840276E+02
  0.12374096E+01  0.15810487E+02
  0.12564467E+01  0.15779278E+02
  0.12754838E+01  0.15742152E+02
  0.12945209E+01  0.15697522E+02
  0.13135579E+01  0.15645049E+02
  0.13325950E+01  0.15585137E+02
  0.13516321E+01  0.15518777E+02
  0.13706691E+01  0.15447522E+02
  0.13897062E+01  0.15373534E+02
  0.14087433E+01  0.15299668E+02
  0.14277804E+01  0.15229453E+02
  0.14468174E+01  0.15166496E+02
  0.14658545E+01  0.15112883E+02
  0.14848916E+01  0.15067803E+02
  0.15039286E+01  0.15028354E+02
  0.15229657E+01  0.14991428E+02
  0.15420028E+01  0.14954706E+02
  0.15610399E+01  0.14916769E+02
  0.15800769E+01  0.14876938E+02
  0.15991140E+01  0.14835114E+02
  0.16181511E+01  0.14791641E+02
  0.16371881E+01  0.14747186E+02
  0.16562252E+01  0.14702613E+02
  0.16752623E+01  0.14658843E+02
  0.16942994E+01  0.14616706E+02
  0.17133364E+01  0.14576810E+02
  0.17323735E+01  0.14539443E+02
  0.17514106E+01  0.14504571E+02
  0.17704476E+01  0.14471914E+02
  0.17894847E+01  0.14441083E+02
  0.18085218E+01  0.14411737E+02
  0.18275589E+01  0.14383701E+02
  0.18465959E+01  0.14357034E+02
  0.18656330E+01  0.14332051E+02
  0.18846701E+01  0.14309296E+02
  0.19037071E+01  0.14289496E+02
  0.19226572E+01  0.14305876E+02
  0.19416073E+01  0.14326092E+02
  0.19605574E+01  0.14349969E+02
  0.19795075E+01  0.14377285E+02
  0.19984576E+01  0.14407775E+02
  0.20174077E+01  0.14441127E+02
  0.20363578E+01  0.14476985E+02
  0.20553079E+01  0.14514958E+02
  0.20742580E+01  0.14554627E+02
  0.20932081E+01  0.14595559E+02
  0.21121582E+01  0.14637321E+02
  0.21311083E+01  0.14679497E+02
  0.21500584E+01  0.14721703E+02
  0.21690085E+01  0.14763606E+02
  0.21879586E+01  0.14804933E+02
  0.22069087E+01  0.14845484E+02
  0.22258588E+01  0.14885137E+02
  0.22448089E+01  0.14923852E+02
  0.22637590E+01  0.14961666E+02
  0.22827091E+01  0.14998691E+02
  0.23016592E+01  0.15035110E+02
  0.23206093E+01  0.15071166E+02
  0.23395594E+01  0.15107174E+02
  0.23585096E+01  0.15143548E+02
  0.23774597E+01  0.15180989E+02
  0.23964098E+01  0.15221857E+02
  0.24153599E+01  0.15280077E+02
  0.24343100E+01  0.15357671E+02
  0.24532601E+01  0.15438621E+02
  0.24722102E+01  0.15519798E+02
  0.24911603E+01  0.15600290E+02
  0.25101104E+01  0.15679544E+02
  0.25290605E+01  0.15757137E+02
  0.25480106E+01  0.15832734E+02
  0.25669607E+01  0.15906074E+02
  0.25859108E+01  0.15976967E+02
  0.26048609E+01  0.16045294E+02
  0.26238110E+01  0.16111005E+02
  0.26427611E+01  0.16174123E+02
  0.26617112E+01  0.16234747E+02
  0.26806613E+01  0.16293050E+02
  0.26996114E+01  0.16349270E+02
  0.27185615E+01  0.16403698E+02
  0.27375116E+01  0.16483633E+02
  0.27564617E+01  0.16578132E+02
  0.27754118E+01  0.16564804E+02
  0.27943619E+01  0.16613363E+02
  0.28133120E+01  0.16664352E+02
  0.28322621E+01  0.16715774E+02
  0.28512122E+01  0.16767468E+02
  0.28701623E+01  0.16819213E+02
  0.28891124E+01  0.16870612E+02
  0.29080625E+01  0.16921067E+02
  0.29270126E+01  0.16969788E+02
  0.29459627E+01  0.17015805E+02
  0.29649128E+01  0.17057994E+02
  0.29838629E+01  0.17095059E+02
  0.30028130E+01  0.17125345E+02
  0.30217631E+01  0.17146073E+02
  0.30407132E+01  0.17150998E+02
  0.30596633E+01  0.17130667E+02
  0.30786134E+01  0.17087366E+02
  0.30975635E+01  0.17031889E+02
  0.31165136E+01  0.16970776E+02
  0.31354637E+01  0.16907606E+02
  0.31544138E+01  0.16844923E+02
  0.31733639E+01  0.16784888E+02
  0.31923140E+01  0.16729490E+02
  0.32112641E+01  0.16680604E+02
  0.32302142E+01  0.16639975E+02
  0.32491643E+01  0.16609139E+02
  0.32681144E+01  0.16589295E+02
  0.32870645E+01  0.16581123E+02
  0.33060146E+01  0.16584626E+02
  0.33249647E+01  0.16599046E+02
  0.33439148E+01  0.16622932E+02
  0.33628649E+01  0.16654349E+02
  0.33818150E+01  0.16691118E+02
  0.34007651E+01  0.16731018E+02
  0.34197152E+01  0.16771894E+02
  0.34386653E+01  0.16811700E+02
  0.34576154E+01  0.16848514E+02
  0.34765655E+01  0.16880561E+02
  0.34955156E+01  0.16906249E+02
  0.35144657E+01  0.16924226E+02
  0.35334158E+01  0.16933453E+02
  0.35523659E+01  0.16933269E+02
  0.35714030E+01  0.16897799E+02
  0.35904400E+01  0.16865101E+02
  0.36094771E+01  0.16835291E+02
  0.36285142E+01  0.16808236E+02
  0.36475512E+01  0.16783565E+02
  0.36665883E+01  0.16760695E+02
  0.36856254E+01  0.16738901E+02
  0.37046625E+01  0.16717403E+02
  0.37236995E+01  0.16695454E+02
  0.37427366E+01  0.16672427E+02
  0.37617737E+01  0.16647894E+02
  0.37808107E+01  0.16621716E+02
  0.37998478E+01  0.16594172E+02
  0.38188849E+01  0.16566093E+02
  0.38379220E+01  0.16538809E+02
  0.38569590E+01  0.16513597E+02
  0.38759961E+01  0.16490922E+02
  0.38950332E+01  0.16470348E+02
  0.39140702E+01  0.16451110E+02
  0.39331073E+01  0.16432547E+02
  0.39521444E+01  0.16414198E+02
  0.39711815E+01  0.16395778E+02
  0.39902185E+01  0.16377163E+02
  0.40092556E+01  0.16358407E+02
  0.40282927E+01  0.16339758E+02
  0.40473297E+01  0.16321622E+02
  0.40663668E+01  0.16304503E+02
  0.40854039E+01  0.16288900E+02
  0.41044410E+01  0.16275227E+02
  0.41234780E+01  0.16263755E+02
  0.41425151E+01  0.16254594E+02
  0.41615522E+01  0.16247711E+02
  0.41805892E+01  0.16242957E+02
  0.41996263E+01  0.16240112E+02
  0.42186634E+01  0.16238924E+02
  0.42377005E+01  0.16239153E+02
  0.42567375E+01  0.16240613E+02
  0.42757746E+01  0.16243205E+02
  0.42948117E+01  0.16246929E+02
  0.43138487E+01  0.16251882E+02
  0.43328858E+01  0.16258225E+02
  0.43519229E+01  0.16266116E+02
  0.43709600E+01  0.16275647E+02
  0.43899970E+01  0.16286764E+02
  0.44090341E+01  0.16299224E+02
  0.44280712E+01  0.16312585E+02
  0.44471082E+01  0.16326235E+02
  0.44661453E+01  0.16339471E+02
  0.44851824E+01  0.16351584E+02
  0.45042195E+01  0.16361957E+02
  0.45231789E+01  0.16358130E+02
  0.45421384E+01  0.16356671E+02
  0.45610979E+01  0.16357723E+02
  0.45800574E+01  0.16361361E+02
  0.45990169E+01  0.16367586E+02
  0.46179764E+01  0.16376329E+02
  0.46369359E+01  0.16387452E+02
  0.46558954E+01  0.16400770E+02
  0.46748549E+01  0.16416063E+02
  0.46938144E+01  0.16433100E+02
  0.47127739E+01  0.16451656E+02
  0.47317334E+01  0.16471523E+02
  0.47506929E+01  0.16492525E+02
  0.47696524E+01  0.16514514E+02
  0.47886119E+01  0.16537378E+02
  0.48075714E+01  0.16561040E+02
  0.48265309E+01  0.16585459E+02
  0.48454904E+01  0.16610634E+02
  0.48644499E+01  0.16636605E+02
  0.48834094E+01  0.16663450E+02
  0.49023689E+01  0.16691276E+02
  0.49213284E+01  0.16720209E+02
  0.49402879E+01  0.16750383E+02
  0.49592474E+01  0.16781926E+02
  0.49782069E+01  0.16814949E+02
  0.49971664E+01  0.16849536E+02
  0.50161258E+01  0.16885738E+02
  0.50350853E+01  0.16923571E+02
  0.50540448E+01  0.16963013E+02
  0.50730043E+01  0.17004006E+02
  0.50919638E+01  0.17046463E+02
  0.51109233E+01  0.17090272E+02
  0.51298828E+01  0.17135296E+02
  0.51488423E+01  0.17181383E+02
  0.51678018E+01  0.17228360E+02
  0.51867613E+01  0.17276041E+02
  0.52057208E+01  0.17324224E+02
  0.52246803E+01  0.17372703E+02
  0.52436398E+01  0.17421268E+02
  0.52625993E+01  0.17469712E+02
  0.52815588E+01  0.17517836E+02
  0.53005183E+01  0.17565445E+02
  0.53194778E+01  0.17612356E+02
  0.53384373E+01  0.17658408E+02
  0.53573968E+01  0.17703465E+02
  0.53763563E+01  0.17747417E+02
  0.53953158E+01  0.17790180E+02
  0.54142753E+01  0.17831668E+02
  0.54332348E+01  0.17871776E+02
  0.54521943E+01  0.17910350E+02
  0.54711538E+01  0.17947174E+02
  0.54901133E+01  0.17981972E+02
  0.55090727E+01  0.18014434E+02
  0.55280322E+01  0.18044277E+02
  0.55469917E+01  0.18071332E+02
  0.55659512E+01  0.18095637E+02
  0.55849107E+01  0.18117474E+02
  0.56038702E+01  0.18137352E+02
  0.56228297E+01  0.18155910E+02
  0.56417892E+01  0.18173811E+02
  0.56607487E+01  0.18191646E+02
  0.56797082E+01  0.18209876E+02
  0.56986677E+01  0.18228807E+02
  0.57176272E+01  0.18248577E+02
  0.57365867E+01  0.18269164E+02
  0.57555462E+01  0.18290398E+02
  0.57745057E+01  0.18311979E+02
  0.57934652E+01  0.18333501E+02
  0.58124247E+01  0.18354486E+02
  0.58313842E+01  0.18374416E+02
  0.58503437E+01  0.18392784E+02
  0.58693807E+01  0.18379936E+02
  0.58884178E+01  0.18370967E+02
  0.59074549E+01  0.18365778E+02
  0.59264920E+01  0.18364001E+02
  0.59455290E+01  0.18365009E+02
  0.59645661E+01  0.18367922E+02
  0.59836032E+01  0.18371621E+02
  0.60026402E+01  0.18374815E+02
  0.60216773E+01  0.18376310E+02
  0.60407144E+01  0.18375475E+02
  0.60597515E+01  0.18372459E+02
  0.60787885E+01  0.18367845E+02
  0.60978256E+01  0.18362255E+02
  0.61168627E+01  0.18356221E+02
  0.61358997E+01  0.18350177E+02
  0.61549368E+01  0.18344483E+02
  0.61739739E+01  0.18339443E+02
  0.61930110E+01  0.18335306E+02
  0.62120480E+01  0.18332279E+02
  0.62310851E+01  0.18330534E+02
  0.62501222E+01  0.18330216E+02
  0.62691592E+01  0.18331457E+02
  0.62881963E+01  0.18334377E+02
  0.63072334E+01  0.18339078E+02
  0.63262705E+01  0.18345631E+02
  0.63453075E+01  0.18347774E+02
  0.63643446E+01  0.18349943E+02
  0.63833817E+01  0.18351089E+02
  0.64024187E+01  0.18349544E+02
  0.64214558E+01  0.18342380E+02
  0.64404929E+01  0.18324196E+02
  0.64595300E+01  0.18286471E+02
  0.64785670E+01  0.18223093E+02
  0.64976041E+01  0.18139656E+02
  0.65166412E+01  0.18047751E+02
  0.65356782E+01  0.17955341E+02
  0.65547153E+01  0.17866121E+02
  0.65737524E+01  0.17781417E+02
  0.65927895E+01  0.17701394E+02
  0.66118265E+01  0.17625647E+02
  0.66308636E+01  0.17553490E+02
  0.66499007E+01  0.17484122E+02
  0.66689377E+01  0.17416711E+02
  0.66879748E+01  0.17350451E+02
  0.67070119E+01  0.17284588E+02
  0.67260490E+01  0.17218442E+02
  0.67450860E+01  0.17151418E+02
  0.67641231E+01  0.17083025E+02
  0.67831602E+01  0.17012881E+02
  0.68021972E+01  0.16940738E+02
  0.68212343E+01  0.16866481E+02
  0.68402714E+01  0.16790141E+02
  0.68593085E+01  0.16711878E+02
  0.68783455E+01  0.16631971E+02
  0.68973826E+01  0.16550786E+02
  0.69164197E+01  0.16468739E+02
  0.69354567E+01  0.16386260E+02
  0.69544938E+01  0.16303754E+02
  0.69735309E+01  0.16221569E+02
  0.69925680E+01  0.16139976E+02
  0.70116050E+01  0.16059153E+02
  0.70306421E+01  0.15979194E+02
  0.70496792E+01  0.15900128E+02
  0.70687162E+01  0.15821952E+02
  0.70877533E+01  0.15744709E+02
  0.71067904E+01  0.15668635E+02
  0.71258275E+01  0.15594603E+02
  0.71448645E+01  0.15525642E+02
  0.71639016E+01  0.15469180E+02
  0.71829387E+01  0.15426315E+02
  0.72019757E+01  0.15388233E+02
  0.72210128E+01  0.15350432E+02
  0.72400499E+01  0.15311583E+02
  0.72590870E+01  0.15271289E+02
  0.72781240E+01  0.15229453E+02
  0.72971611E+01  0.15186095E+02
  0.73161982E+01  0.15141297E+02
  0.73352352E+01  0.15095176E+02
  0.73542723E+01  0.15047876E+02
  0.73733094E+01  0.14999571E+02
  0.73923465E+01  0.14950462E+02
  0.74113835E+01  0.14900787E+02
  0.74304206E+01  0.14850820E+02
  0.74494577E+01  0.14800877E+02
  0.74684947E+01  0.14751307E+02
  0.74875318E+01  0.14702495E+02
  0.75065689E+01  0.14654848E+02
  0.75256060E+01  0.14608781E+02
  0.75446430E+01  0.14564707E+02
  0.75636801E+01  0.14523019E+02
  0.75827172E+01  0.14484074E+02
  0.76017542E+01  0.14448184E+02
  0.76207913E+01  0.14415607E+02
  0.76398284E+01  0.14386548E+02
  0.76588655E+01  0.14361150E+02
  0.76779025E+01  0.14339503E+02
  0.76969396E+01  0.14321634E+02
  0.77159767E+01  0.14307489E+02
  0.77350137E+01  0.14296893E+02
  0.77540508E+01  0.14289496E+02
  0.77730103E+01  0.14307202E+02
  0.77919698E+01  0.14327277E+02
  0.78109293E+01  0.14349239E+02
  0.78298888E+01  0.14372634E+02
  0.78488483E+01  0.14397044E+02
  0.78678078E+01  0.14422106E+02
  0.78867673E+01  0.14447528E+02
  0.79057268E+01  0.14473100E+02
  0.79246863E+01  0.14498710E+02
  0.79436458E+01  0.14524367E+02
  0.79626053E+01  0.14550230E+02
  0.79815648E+01  0.14576670E+02
  0.80005243E+01  0.14604380E+02
  0.80194838E+01  0.14634548E+02
  0.80384433E+01  0.14668938E+02
  0.80574028E+01  0.14709423E+02
  0.80763622E+01  0.14756781E+02
  0.80953217E+01  0.14810251E+02
  0.81142812E+01  0.14868458E+02
  0.81332407E+01  0.14930233E+02
  0.81522002E+01  0.14994782E+02
  0.81711597E+01  0.15061619E+02
  0.81901192E+01  0.15130490E+02
  0.82090787E+01  0.15201330E+02
  0.82280382E+01  0.15274236E+02
  0.82469977E+01  0.15349451E+02
  0.82659572E+01  0.15427340E+02
  0.82849167E+01  0.15508338E+02
  0.83038762E+01  0.15592887E+02
  0.83228357E+01  0.15681347E+02
  0.83417952E+01  0.15773917E+02
  0.83607547E+01  0.15870582E+02
  0.83797142E+01  0.15971113E+02
  0.83986737E+01  0.16075104E+02
  0.84176332E+01  0.16182050E+02
  0.84365927E+01  0.16291420E+02
  0.84555522E+01  0.16402732E+02
  0.84745117E+01  0.16515586E+02
  0.84934712E+01  0.16629688E+02
  0.85124307E+01  0.16744843E+02
  0.85313902E+01  0.16860936E+02
  0.85503497E+01  0.16977905E+02
  0.85693091E+01  0.17095723E+02
  0.85882686E+01  0.17214365E+02
  0.86072281E+01  0.17333718E+02
  0.86261876E+01  0.17452737E+02
  0.86451471E+01  0.17500585E+02
  0.86641066E+01  0.17414746E+02
  0.86830661E+01  0.17329492E+02
  0.87020256E+01  0.17248104E+02
  0.87209851E+01  0.17170784E+02
  0.87399446E+01  0.17097494E+02
  0.87589041E+01  0.17028127E+02
  0.87778636E+01  0.16962549E+02
  0.87968231E+01  0.16900615E+02
  0.88157826E+01  0.16842178E+02
  0.88347421E+01  0.16787102E+02
  0.88537016E+01  0.16735267E+02
  0.88726611E+01  0.16686583E+02
  0.88916206E+01  0.16640986E+02
  0.89105801E+01  0.16598451E+02
  0.89295396E+01  0.16558990E+02
  0.89484991E+01  0.16522651E+02
  0.89674586E+01  0.16489525E+02
  0.89864181E+01  0.16459737E+02
  0.90053776E+01  0.16433453E+02
  0.90243371E+01  0.16410867E+02
  0.90432966E+01  0.16392199E+02
  0.90622560E+01  0.16377679E+02
  0.90812155E+01  0.16367530E+02
  0.91001750E+01  0.16361957E+02
  0.91191345E+01  0.16361382E+02
  0.91380940E+01  0.16362973E+02
  0.91570535E+01  0.16366706E+02
  0.91760130E+01  0.16372527E+02
  0.91949725E+01  0.16380348E+02
  0.92139320E+01  0.16390053E+02
  0.92328915E+01  0.16401501E+02
  0.92518510E+01  0.16414541E+02
  0.92708105E+01  0.16429019E+02
  0.92897700E+01  0.16444790E+02
  0.93087295E+01  0.16461736E+02
  0.93276890E+01  0.16479769E+02
  0.93466485E+01  0.16498839E+02
  0.93656080E+01  0.16518938E+02
  0.93845675E+01  0.16540092E+02
  0.94035270E+01  0.16562360E+02
  0.94224865E+01  0.16585825E+02
  0.94414460E+01  0.16610584E+02
  0.94604055E+01  0.16636739E+02
  0.94793650E+01  0.16664382E+02
  0.94983245E+01  0.16693589E+02
  0.95172840E+01  0.16724409E+02
  0.95362435E+01  0.16756856E+02
  0.95552029E+01  0.16790905E+02
  0.95741624E+01  0.16826493E+02
  0.95931219E+01  0.16863519E+02
  0.96120814E+01  0.16901848E+02
  0.96310409E+01  0.16941314E+02
  0.96500004E+01  0.16981726E+02
  0.96689599E+01  0.17022870E+02
  0.96879194E+01  0.17064516E+02
  0.97068789E+01  0.17106427E+02
  0.97258384E+01  0.17148374E+02
  0.97447979E+01  0.17190146E+02
  0.97637574E+01  0.17231576E+02
  0.97827169E+01  0.17272553E+02
  0.98016764E+01  0.17313039E+02
  0.98206359E+01  0.17353072E+02
  0.98395954E+01  0.17392763E+02
  0.98585549E+01  0.17432285E+02
  0.98775144E+01  0.17471864E+02
  0.98964739E+01  0.17511757E+02
  0.99154334E+01  0.17552238E+02
  0.99343929E+01  0.17593577E+02
  0.99533524E+01  0.17636007E+02
  0.99723119E+01  0.17679704E+02
  0.99912714E+01  0.17724749E+02
  0.10010231E+02  0.17771098E+02
  0.10029190E+02  0.17818566E+02
  0.10048150E+02  0.17866811E+02
  0.10067109E+02  0.17915340E+02
  0.10086069E+02  0.17963525E+02
  0.10105028E+02  0.18010633E+02
  0.10123988E+02  0.18055870E+02
  0.10142947E+02  0.18098429E+02
  0.10161907E+02  0.18137548E+02
  0.10180866E+02  0.18172590E+02
  0.10199826E+02  0.18203139E+02
  0.10218785E+02  0.18229114E+02
  0.10237745E+02  0.18250824E+02
  0.10256704E+02  0.18268931E+02
  0.10275664E+02  0.18284301E+02
  0.10294623E+02  0.18297817E+02
  0.10313583E+02  0.18310236E+02
  0.10332542E+02  0.18322115E+02
  0.10351502E+02  0.18333803E+02
  0.10370461E+02  0.18345462E+02
  0.10389421E+02  0.18357125E+02
  0.10408380E+02  0.18368781E+02
  0.10427340E+02  0.18380529E+02
  0.10446299E+02  0.18392784E+02
  0.10465249E+02  0.18381973E+02
  0.10484199E+02  0.18372096E+02
  0.10503150E+02  0.18361683E+02
  0.10522100E+02  0.18350605E+02
  0.10541050E+02  0.18338934E+02
  0.10560000E+02  0.18326596E+02
  0.10578950E+02  0.18313332E+02
  0.10597900E+02  0.18298657E+02
  0.10616850E+02  0.18281776E+02
  0.10635800E+02  0.18261497E+02
  0.10654750E+02  0.18236239E+02
  0.10673700E+02  0.18204468E+02
  0.10692651E+02  0.18165563E+02
  0.10711601E+02  0.18120283E+02
  0.10730551E+02  0.18070292E+02
  0.10749501E+02  0.18017478E+02
  0.10768451E+02  0.17963608E+02
  0.10787401E+02  0.17910230E+02
  0.10806351E+02  0.17858642E+02
  0.10825301E+02  0.17809885E+02
  0.10844251E+02  0.17764725E+02
  0.10863201E+02  0.17723650E+02
  0.10882152E+02  0.17686865E+02
  0.10901102E+02  0.17654303E+02
  0.10920052E+02  0.17625636E+02
  0.10939002E+02  0.17600284E+02
  0.10957952E+02  0.17577415E+02
  0.10976902E+02  0.17555885E+02
  0.10995852E+02  0.17534004E+02
  0.11014802E+02  0.17508780E+02
  0.11033752E+02  0.17474996E+02
  0.11052702E+02  0.17430235E+02
  0.11071653E+02  0.17379515E+02
  0.11090603E+02  0.17327226E+02
  0.11109553E+02  0.17275286E+02
  0.11128503E+02  0.17224579E+02
  0.11147453E+02  0.17175598E+02
  0.11166403E+02  0.17128634E+02
  0.11185353E+02  0.17083854E+02
  0.11204303E+02  0.17041324E+02
  0.11223253E+02  0.17001027E+02
  0.11242203E+02  0.16962880E+02
  0.11261154E+02  0.16926744E+02
  0.11280104E+02  0.16873664E+02
  0.11299054E+02  0.16803427E+02
  0.11318004E+02  0.16736296E+02
  0.11336954E+02  0.16674081E+02
  0.11355904E+02  0.16618461E+02
  0.11374854E+02  0.16570849E+02
  0.11393804E+02  0.16532243E+02
  0.11412754E+02  0.16503087E+02
  0.11431704E+02  0.16483157E+02
  0.11450655E+02  0.16471493E+02
  0.11469605E+02  0.16466387E+02
  0.11488555E+02  0.16465494E+02
  0.11507505E+02  0.16466246E+02
  0.11526455E+02  0.16466754E+02
  0.11545405E+02  0.16466720E+02
  0.11564355E+02  0.16467397E+02
  0.11583305E+02  0.16470832E+02
  0.11602255E+02  0.16479327E+02
  0.11621205E+02  0.16495208E+02
  0.11640156E+02  0.16520186E+02
  0.11659106E+02  0.16553441E+02
  0.11678056E+02  0.16589458E+02
  0.11697006E+02  0.16619633E+02
  0.11715956E+02  0.16638022E+02
  0.11734906E+02  0.16644082E+02
  0.11753856E+02  0.16640449E+02
  0.11772806E+02  0.16631493E+02
  0.11791756E+02  0.16625096E+02
  0.11810707E+02  0.16632264E+02
  0.11829657E+02  0.16653615E+02
  0.11848607E+02  0.16681291E+02
  0.11867557E+02  0.16710457E+02
  0.11886507E+02  0.16738981E+02
  0.11905457E+02  0.16765836E+02
  0.11924407E+02  0.16790507E+02
  0.11943357E+02  0.16812781E+02
  0.11962307E+02  0.16832666E+02
  0.11981257E+02  0.16850341E+02
  0.12000208E+02  0.16866123E+02
  0.12019158E+02  0.16880433E+02
  0.12038108E+02  0.16893767E+02
  0.12057058E+02  0.16906660E+02
  0.12076008E+02  0.16919655E+02
  0.12094958E+02  0.16933269E+02
  0.12113995E+02  0.16948420E+02
  0.12133032E+02  0.16957298E+02
  0.12152069E+02  0.16958763E+02
  0.12171106E+02  0.16951580E+02
  0.12190143E+02  0.16934568E+02
  0.12209180E+02  0.16906800E+02
  0.12228218E+02  0.16867811E+02
  0.12247255E+02  0.16817752E+02
  0.12266292E+02  0.16757473E+02
  0.12285329E+02  0.16688521E+02
  0.12304366E+02  0.16613145E+02
  0.12323403E+02  0.16534474E+02
  0.12342440E+02  0.16457306E+02
  0.12361477E+02  0.16389888E+02
  0.12380514E+02  0.16342344E+02
  0.12399551E+02  0.16315591E+02
  0.12418588E+02  0.16302526E+02
  0.12437625E+02  0.16297777E+02
  0.12456662E+02  0.16298420E+02
  0.12475699E+02  0.16302644E+02
  0.12494737E+02  0.16309130E+02
  0.12513774E+02  0.16316837E+02
  0.12532811E+02  0.16324929E+02
  0.12551848E+02  0.16332742E+02
  0.12570885E+02  0.16339758E+02
  0.12589922E+02  0.16345585E+02
  0.12608959E+02  0.16349938E+02
  0.12627996E+02  0.16352622E+02
  0.12647033E+02  0.16353528E+02
  0.12666070E+02  0.16352632E+02
  0.12685107E+02  0.16349997E+02
  0.12704144E+02  0.16345777E+02
  0.12723181E+02  0.16340215E+02
  0.12742218E+02  0.16333642E+02
  0.12761256E+02  0.16326461E+02
  0.12780293E+02  0.16319135E+02
  0.12799330E+02  0.16312161E+02
  0.12818367E+02  0.16306043E+02
  0.12837404E+02  0.16301259E+02
  0.12856441E+02  0.16298225E+02
  0.12875478E+02  0.16297261E+02
  0.12894515E+02  0.16298553E+02
  0.12913552E+02  0.16302133E+02
  0.12932589E+02  0.16307865E+02
  0.12951626E+02  0.16315443E+02
  0.12970663E+02  0.16324415E+02
  0.12989700E+02  0.16334206E+02
  0.13008737E+02  0.16344171E+02
  0.13027775E+02  0.16353637E+02
  0.13046812E+02  0.16361957E+02
  
  0.00000000E+00  0.18392784E+02
  0.19037071E-01  0.18394706E+02
  0.38074143E-01  0.18397652E+02
  0.57111214E-01  0.18401527E+02
  0.76148286E-01  0.18406172E+02
  0.95185357E-01  0.18411376E+02
  0.11422243E+00  0.18416880E+02
  0.13325950E+00  0.18422400E+02
  0.15229657E+00  0.18427644E+02
  0.17133364E+00  0.18432345E+02
  0.19037071E+00  0.18436276E+02
  0.20940779E+00  0.18439269E+02
  0.22844486E+00  0.18441213E+02
  0.24748193E+00  0.18442039E+02
  0.26651900E+00  0.18441685E+02
  0.28555607E+00  0.18440058E+02
  0.30459314E+00  0.18436999E+02
  0.32363021E+00  0.18432289E+02
  0.34266728E+00  0.18425712E+02
  0.36170436E+00  0.18417159E+02
  0.38074143E+00  0.18406744E+02
  0.39977850E+00  0.18394838E+02
  0.41881557E+00  0.18382036E+02
  0.43785264E+00  0.18369063E+02
  0.45688971E+00  0.18356682E+02
  0.47592678E+00  0.18345631E+02
  0.49496386E+00  0.18358906E+02
  0.51400093E+00  0.18373018E+02
  0.53303800E+00  0.18388027E+02
  0.55207507E+00  0.18403917E+02
  0.57111214E+00  0.18420578E+02
  0.59014921E+00  0.18437768E+02
  0.60918628E+00  0.18454956E+02
  0.62822336E+00  0.18470474E+02
  0.64726043E+00  0.18474511E+02
  0.66629750E+00  0.18436072E+02
  0.68533457E+00  0.18444850E+02
  0.70437164E+00  0.18471302E+02
  0.72340871E+00  0.18501961E+02
  0.74244578E+00  0.18535121E+02
  0.76148286E+00  0.18570120E+02
  0.78051993E+00  0.18606574E+02
  0.79955700E+00  0.18644257E+02
  0.81859407E+00  0.18683073E+02
  0.83763114E+00  0.18723029E+02
  0.85666821E+00  0.18764219E+02
  0.87570528E+00  0.18806794E+02
  0.89474235E+00  0.18850940E+02
  0.91377943E+00  0.18896857E+02
  0.93281650E+00  0.18944756E+02
  0.95185357E+00  0.18994851E+02
  0.97089064E+00  0.19044724E+02
  0.98992771E+00  0.19098030E+02
  0.10089648E+01  0.19154801E+02
  0.10280019E+01  0.19215016E+02
  0.10470389E+01  0.19278659E+02
  0.10660760E+01  0.19345783E+02
  0.10851131E+01  0.19416525E+02
  0.11041501E+01  0.19491072E+02
  0.11231872E+01  0.19569609E+02
  0.11422243E+01  0.19652279E+02
  0.11612614E+01  0.19739164E+02
  0.11802984E+01  0.19830277E+02
  0.11993355E+01  0.19925580E+02
  0.12183726E+01  0.20025021E+02
  0.12374096E+01  0.20128576E+02
  0.12564467E+01  0.20236259E+02
  0.12754838E+01  0.20348113E+02
  0.12945209E+01  0.20464181E+02
  0.13135579E+01  0.20584475E+02
  0.13325950E+01  0.20708960E+02
  0.13516321E+01  0.20837534E+02
  0.13706691E+01  0.20970010E+02
  0.13897062E+01  0.21106092E+02
  0.14087433E+01  0.21245313E+02
  0.14277804E+01  0.21386507E+02
  0.14468174E+01  0.21523277E+02
  0.14658545E+01  0.21654392E+02
  0.14848916E+01  0.21783585E+02
  0.15039286E+01  0.21910930E+02
  0.15229657E+01  0.22036138E+02
  0.15420028E+01  0.22158908E+02
  0.15610399E+01  0.22278960E+02
  0.15800769E+01  0.22396037E+02
  0.15991140E+01  0.22509895E+02
  0.16181511E+01  0.22620293E+02
  0.16371881E+01  0.22726984E+02
  0.16562252E+01  0.22829701E+02
  0.16752623E+01  0.22928156E+02
  0.16942994E+01  0.23022033E+02
  0.17133364E+01  0.23110993E+02
  0.17323735E+01  0.23194674E+02
  0.17514106E+01  0.23272697E+02
  0.17704476E+01  0.23344672E+02
  0.17894847E+01  0.23410206E+02
  0.18085218E+01  0.23468910E+02
  0.18275589E+01  0.23520406E+02
  0.18465959E+01  0.23564346E+02
  0.18656330E+01  0.23600427E+02
  0.18846701E+01  0.23628413E+02
  0.19037071E+01  0.23648171E+02
  0.19226572E+01  0.23628433E+02
  0.19416073E+01  0.23601911E+02
  0.19605574E+01  0.23566211E+02
  0.19795075E+01  0.23517815E+02
  0.19984576E+01  0.23453719E+02
  0.20174077E+01  0.23372665E+02
  0.20363578E+01  0.23274625E+02
  0.20553079E+01  0.23160058E+02
  0.20742580E+01  0.23029615E+02
  0.20932081E+01  0.22884084E+02
  0.21121582E+01  0.22724373E+02
  0.21311083E+01  0.22551505E+02
  0.21500584E+01  0.22366609E+02
  0.21690085E+01  0.22170906E+02
  0.21879586E+01  0.21965686E+02
  0.22069087E+01  0.21752292E+02
  0.22258588E+01  0.21532101E+02
  0.22448089E+01  0.21306507E+02
  0.22637590E+01  0.21076900E+02
  0.22827091E+01  0.20844657E+02
  0.23016592E+01  0.20611127E+02
  0.23206093E+01  0.20377616E+02
  0.23395594E+01  0.20145380E+02
  0.23585096E+01  0.19915610E+02
  0.23774597E+01  0.19689421E+02
  0.23964098E+01  0.19467839E+02
  0.24153599E+01  0.19251790E+02
  0.24343100E+01  0.19042085E+02
  0.24532601E+01  0.18839409E+02
  0.24722102E+01  0.18644310E+02
  0.24911603E+01  0.18457192E+02
  0.25101104E+01  0.18278308E+02
  0.25290605E+01  0.18107763E+02
  0.25480106E+01  0.17945519E+02
  0.25669607E+01  0.17791410E+02
  0.25859108E+01  0.17645158E+02
  0.26048609E+01  0.17506401E+02
  0.26238110E+01  0.17374719E+02
  0.26427611E+01  0.17249664E+02
  0.26617112E+01  0.17130799E+02
  0.26806613E+01  0.17017723E+02
  0.26996114E+01  0.16910118E+02
  0.27185615E+01  0.16807840E+02
  0.27375116E+01  0.16711374E+02
  0.27564617E+01  0.16632926E+02
  0.27754118E+01  0.16705981E+02
  0.27943619E+01  0.16808418E+02
  0.28133120E+01  0.16907219E+02
  0.28322621E+01  0.16999513E+02
  0.28512122E+01  0.17083276E+02
  0.28701623E+01  0.17156749E+02
  0.28891124E+01  0.17218432E+02
  0.29080625E+01  0.17267150E+02
  0.29270126E+01  0.17302126E+02
  0.29459627E+01  0.17323051E+02
  0.29649128E+01  0.17330153E+02
  0.29838629E+01  0.17324290E+02
  0.30028130E+01  0.17307196E+02
  0.30217631E+01  0.17282290E+02
  0.30407132E+01  0.17257037E+02
  0.30596633E+01  0.17242676E+02
  0.30786134E+01  0.17239240E+02
  0.30975635E+01  0.17238714E+02
  0.31165136E+01  0.17237697E+02
  0.31354637E+01  0.17235980E+02
  0.31544138E+01  0.17234476E+02
  0.31733639E+01  0.17234413E+02
  0.31923140E+01  0.17236968E+02
  0.32112641E+01  0.17243049E+02
  0.32302142E+01  0.17253154E+02
  0.32491643E+01  0.17267288E+02
  0.32681144E+01  0.17284912E+02
  0.32870645E+01  0.17304943E+02
  0.33060146E+01  0.17325798E+02
  0.33249647E+01  0.17345475E+02
  0.33439148E+01  0.17361693E+02
  0.33628649E+01  0.17372071E+02
  0.33818150E+01  0.17374345E+02
  0.34007651E+01  0.17366589E+02
  0.34197152E+01  0.17347429E+02
  0.34386653E+01  0.17316199E+02
  0.34576154E+01  0.17273031E+02
  0.34765655E+01  0.17218862E+02
  0.34955156E+01  0.17155360E+02
  0.35144657E+01  0.17084784E+02
  0.35334158E+01  0.17009798E+02
  0.35523659E+01  0.16933269E+02
  0.35714030E+01  0.17014923E+02
  0.35904400E+01  0.17102551E+02
  0.36094771E+01  0.17195880E+02
  0.36285142E+01  0.17294667E+02
  0.36475512E+01  0.17398710E+02
  0.36665883E+01  0.17507804E+02
  0.36856254E+01  0.17621659E+02
  0.37046625E+01  0.17739762E+02
  0.37236995E+01  0.17861206E+02
  0.37427366E+01  0.17984529E+02
  0.37617737E+01  0.18107573E+02
  0.37808107E+01  0.18227437E+02
  0.37998478E+01  0.18340548E+02
  0.38188849E+01  0.18442915E+02
  0.38379220E+01  0.18530569E+02
  0.38569590E+01  0.18600168E+02
  0.38759961E+01  0.18649656E+02
  0.38950332E+01  0.18678835E+02
  0.39140702E+01  0.18689663E+02
  0.39331073E+01  0.18686167E+02
  0.39521444E+01  0.18673992E+02
  0.39711815E+01  0.18659687E+02
  0.39902185E+01  0.18649901E+02
  0.40092556E+01  0.18650644E+02
  0.40282927E+01  0.18666713E+02
  0.40473297E+01  0.18701359E+02
  0.40663668E+01  0.18756184E+02
  0.40854039E+01  0.18831237E+02
  0.41044410E+01  0.18925230E+02
  0.41234780E+01  0.19035804E+02
  0.41425151E+01  0.19159787E+02
  0.41615522E+01  0.19293416E+02
  0.41805892E+01  0.19432530E+02
  0.41996263E+01  0.19572729E+02
  0.42186634E+01  0.19709512E+02
  0.42377005E+01  0.19838437E+02
  0.42567375E+01  0.19955299E+02
  0.42757746E+01  0.20056378E+02
  0.42948117E+01  0.20138755E+02
  0.43138487E+01  0.20200687E+02
  0.43328858E+01  0.20241956E+02
  0.43519229E+01  0.20264046E+02
  0.43709600E+01  0.20269995E+02
  0.43899970E+01  0.20263922E+02
  0.44090341E+01  0.20250357E+02
  0.44280712E+01  0.20233626E+02
  0.44471082E+01  0.20217429E+02
  0.44661453E+01  0.20204666E+02
  0.44851824E+01  0.20197446E+02
  0.45042195E+01  0.20197196E+02
  0.45231789E+01  0.20186729E+02
  0.45421384E+01  0.20163006E+02
  0.45610979E+01  0.20126786E+02
  0.45800574E+01  0.20079132E+02
  0.45990169E+01  0.20021362E+02
  0.46179764E+01  0.19954973E+02
  0.46369359E+01  0.19881567E+02
  0.46558954E+01  0.19802781E+02
  0.46748549E+01  0.19720219E+02
  0.46938144E+01  0.19635390E+02
  0.47127739E+01  0.19549660E+02
  0.47317334E+01  0.19464208E+02
  0.47506929E+01  0.19379987E+02
  0.47696524E+01  0.19297688E+02
  0.47886119E+01  0.19217719E+02
  0.48075714E+01  0.19140202E+02
  0.48265309E+01  0.19064986E+02
  0.48454904E+01  0.18991695E+02
  0.48644499E+01  0.18919798E+02
  0.48834094E+01  0.18848704E+02
  0.49023689E+01  0.18777854E+02
  0.49213284E+01  0.18706815E+02
  0.49402879E+01  0.18635348E+02
  0.49592474E+01  0.18563455E+02
  0.49782069E+01  0.18491392E+02
  0.49971664E+01  0.18419659E+02
  0.50161258E+01  0.18348967E+02
  0.50350853E+01  0.18280197E+02
  0.50540448E+01  0.18214344E+02
  0.50730043E+01  0.18152469E+02
  0.50919638E+01  0.18095651E+02
  0.51109233E+01  0.18044937E+02
  0.51298828E+01  0.18001302E+02
  0.51488423E+01  0.17965590E+02
  0.51678018E+01  0.17938452E+02
  0.51867613E+01  0.17920277E+02
  0.52057208E+01  0.17911125E+02
  0.52246803E+01  0.17910678E+02
  0.52436398E+01  0.17918237E+02
  0.52625993E+01  0.17932769E+02
  0.52815588E+01  0.17952999E+02
  0.53005183E+01  0.17977537E+02
  0.53194778E+01  0.18005001E+02
  0.53384373E+01  0.18034118E+02
  0.53573968E+01  0.18063794E+02
  0.53763563E+01  0.18093147E+02
  0.53953158E+01  0.18121515E+02
  0.54142753E+01  0.18148454E+02
  0.54332348E+01  0.18173728E+02
  0.54521943E+01  0.18197301E+02
  0.54711538E+01  0.18219319E+02
  0.54901133E+01  0.18240083E+02
  0.55090727E+01  0.18259988E+02
  0.55280322E+01  0.18279439E+02
  0.55469917E+01  0.18298721E+02
  0.55659512E+01  0.18317875E+02
  0.55849107E+01  0.18336620E+02
  0.56038702E+01  0.18354363E+02
  0.56228297E+01  0.18370306E+02
  0.56417892E+01  0.18383611E+02
  0.56607487E+01  0.18393594E+02
  0.56797082E+01  0.18399903E+02
  0.56986677E+01  0.18402643E+02
  0.57176272E+01  0.18402396E+02
  0.57365867E+01  0.18400095E+02
  0.57555462E+01  0.18396808E+02
  0.57745057E+01  0.18393533E+02
  0.57934652E+01  0.18391066E+02
  0.58124247E+01  0.18389954E+02
  0.58313842E+01  0.18390499E+02
  0.58503437E+01  0.18392784E+02
  0.58693807E+01  0.18397497E+02
  0.58884178E+01  0.18402014E+02
  0.59074549E+01  0.18405937E+02
  0.59264920E+01  0.18408990E+02
  0.59455290E+01  0.18411055E+02
  0.59645661E+01  0.18412182E+02
  0.59836032E+01  0.18412595E+02
  0.60026402E+01  0.18412658E+02
  0.60216773E+01  0.18412674E+02
  0.60407144E+01  0.18412532E+02
  0.60597515E+01  0.18411632E+02
  0.60787885E+01  0.18409306E+02
  0.60978256E+01  0.18405214E+02
  0.61168627E+01  0.18399396E+02
  0.61358997E+01  0.18392174E+02
  0.61549368E+01  0.18384036E+02
  0.61739739E+01  0.18375544E+02
  0.61930110E+01  0.18367268E+02
  0.62120480E+01  0.18359738E+02
  0.62310851E+01  0.18353400E+02
  0.62501222E+01  0.18348582E+02
  0.62691592E+01  0.18345465E+02
  0.62881963E+01  0.18344066E+02
  0.63072334E+01  0.18344229E+02
  0.63262705E+01  0.18345631E+02
  0.63453075E+01  0.18354058E+02
  0.63643446E+01  0.18364325E+02
  0.63833817E+01  0.18376346E+02
  0.64024187E+01  0.18389996E+02
  0.64214558E+01  0.18405114E+02
  0.64404929E+01  0.18421498E+02
  0.64595300E+01  0.18438870E+02
  0.64785670E+01  0.18456779E+02
  0.64976041E+01  0.18474390E+02
  0.65166412E+01  0.18490258E+02
  0.65356782E+01  0.18503393E+02
  0.65547153E+01  0.18515447E+02
  0.65737524E+01  0.18528962E+02
  0.65927895E+01  0.18545363E+02
  0.66118265E+01  0.18565323E+02
  0.66308636E+01  0.18589209E+02
  0.66499007E+01  0.18617245E+02
  0.66689377E+01  0.18649557E+02
  0.66879748E+01  0.18686205E+02
  0.67070119E+01  0.18727192E+02
  0.67260490E+01  0.18772481E+02
  0.67450860E+01  0.18822004E+02
  0.67641231E+01  0.18875665E+02
  0.67831602E+01  0.18933334E+02
  0.68021972E+01  0.18994851E+02
  0.68212343E+01  0.19043016E+02
  0.68402714E+01  0.19094557E+02
  0.68593085E+01  0.19149618E+02
  0.68783455E+01  0.19208277E+02
  0.68973826E+01  0.19270566E+02
  0.69164197E+01  0.19336491E+02
  0.69354567E+01  0.19406058E+02
  0.69544938E+01  0.19479305E+02
  0.69735309E+01  0.19556312E+02
  0.69925680E+01  0.19637218E+02
  0.70116050E+01  0.19722210E+02
  0.70306421E+01  0.19811513E+02
  0.70496792E+01  0.19905365E+02
  0.70687162E+01  0.20003989E+02
  0.70877533E+01  0.20107559E+02
  0.71067904E+01  0.20216173E+02
  0.71258275E+01  0.20329826E+02
  0.71448645E+01  0.20448393E+02
  0.71639016E+01  0.20571618E+02
  0.71829387E+01  0.20699120E+02
  0.72019757E+01  0.20830399E+02
  0.72210128E+01  0.20964858E+02
  0.72400499E+01  0.21101831E+02
  0.72590870E+01  0.21240614E+02
  0.72781240E+01  0.21380502E+02
  0.72971611E+01  0.21511075E+02
  0.73161982E+01  0.21643361E+02
  0.73352352E+01  0.21776531E+02
  0.73542723E+01  0.21909526E+02
  0.73733094E+01  0.22041134E+02
  0.73923465E+01  0.22170146E+02
  0.74113835E+01  0.22295547E+02
  0.74304206E+01  0.22416596E+02
  0.74494577E+01  0.22532788E+02
  0.74684947E+01  0.22643769E+02
  0.74875318E+01  0.22749292E+02
  0.75065689E+01  0.22849194E+02
  0.75256060E+01  0.22943393E+02
  0.75446430E+01  0.23031886E+02
  0.75636801E+01  0.23114744E+02
  0.75827172E+01  0.23192090E+02
  0.76017542E+01  0.23264074E+02
  0.76207913E+01  0.23330834E+02
  0.76398284E+01  0.23392465E+02
  0.76588655E+01  0.23448984E+02
  0.76779025E+01  0.23500309E+02
  0.76969396E+01  0.23546246E+02
  0.77159767E+01  0.23586488E+02
  0.77350137E+01  0.23620627E+02
  0.77540508E+01  0.23648171E+02
  0.77730103E+01  0.23618447E+02
  0.77919698E+01  0.23579690E+02
  0.78109293E+01  0.23531987E+02
  0.78298888E+01  0.23475473E+02
  0.78488483E+01  0.23410221E+02
  0.78678078E+01  0.23336173E+02
  0.78867673E+01  0.23253113E+02
  0.79057268E+01  0.23160690E+02
  0.79246863E+01  0.23058509E+02
  0.79436458E+01  0.22946265E+02
  0.79626053E+01  0.22823904E+02
  0.79815648E+01  0.22691713E+02
  0.80005243E+01  0.22550339E+02
  0.80194838E+01  0.22400713E+02
  0.80384433E+01  0.22243951E+02
  0.80574028E+01  0.22081247E+02
  0.80763622E+01  0.21913800E+02
  0.80953217E+01  0.21742752E+02
  0.81142812E+01  0.21569154E+02
  0.81332407E+01  0.21393940E+02
  0.81522002E+01  0.21217924E+02
  0.81711597E+01  0.21041795E+02
  0.81901192E+01  0.20866129E+02
  0.82090787E+01  0.20691408E+02
  0.82280382E+01  0.20518039E+02
  0.82469977E+01  0.20346378E+02
  0.82659572E+01  0.20176750E+02
  0.82849167E+01  0.20009463E+02
  0.83038762E+01  0.19844808E+02
  0.83228357E+01  0.19683057E+02
  0.83417952E+01  0.19524453E+02
  0.83607547E+01  0.19369196E+02
  0.83797142E+01  0.19217441E+02
  0.83986737E+01  0.19069304E+02
  0.84176332E+01  0.18924876E+02
  0.84365927E+01  0.18784234E+02
  0.84555522E+01  0.18647455E+02
  0.84745117E+01  0.18514617E+02
  0.84934712E+01  0.18385799E+02
  0.85124307E+01  0.18261080E+02
  0.85313902E+01  0.18140534E+02
  0.85503497E+01  0.18024231E+02
  0.85693091E+01  0.17912246E+02
  0.85882686E+01  0.17804674E+02
  0.86072281E+01  0.17701720E+02
  0.86261876E+01  0.17604551E+02
  0.86451471E+01  0.17584150E+02
  0.86641066E+01  0.17703204E+02
  0.86830661E+01  0.17827614E+02
  0.87020256E+01  0.17954249E+02
  0.87209851E+01  0.18082991E+02
  0.87399446E+01  0.18213856E+02
  0.87589041E+01  0.18346769E+02
  0.87778636E+01  0.18481489E+02
  0.87968231E+01  0.18617566E+02
  0.88157826E+01  0.18754324E+02
  0.88347421E+01  0.18890864E+02
  0.88537016E+01  0.19026103E+02
  0.88726611E+01  0.19158834E+02
  0.88916206E+01  0.19287802E+02
  0.89105801E+01  0.19411797E+02
  0.89295396E+01  0.19529739E+02
  0.89484991E+01  0.19640729E+02
  0.89674586E+01  0.19744057E+02
  0.89864181E+01  0.19839153E+02
  0.90053776E+01  0.19925476E+02
  0.90243371E+01  0.20002374E+02
  0.90432966E+01  0.20068944E+02
  0.90622560E+01  0.20123935E+02
  0.90812155E+01  0.20165750E+02
  0.91001750E+01  0.20192543E+02
  0.91191345E+01  0.20182583E+02
  0.91380940E+01  0.20162230E+02
  0.91570535E+01  0.20132230E+02
  0.91760130E+01  0.20093453E+02
  0.91949725E+01  0.20046805E+02
  0.92139320E+01  0.19993163E+02
  0.92328915E+01  0.19933314E+02
  0.92518510E+01  0.19867922E+02
  0.92708105E+01  0.19797510E+02
  0.92897700E+01  0.19722466E+02
  0.93087295E+01  0.19643064E+02
  0.93276890E+01  0.19559501E+02
  0.93466485E+01  0.19471943E+02
  0.93656080E+01  0.19380578E+02
  0.93845675E+01  0.19285661E+02
  0.94035270E+01  0.19187561E+02
  0.94224865E+01  0.19086791E+02
  0.94414460E+01  0.18984032E+02
  0.94604055E+01  0.18880137E+02
  0.94793650E+01  0.18776130E+02
  0.94983245E+01  0.18673181E+02
  0.95172840E+01  0.18572572E+02
  0.95362435E+01  0.18475652E+02
  0.95552029E+01  0.18383773E+02
  0.95741624E+01  0.18298221E+02
  0.95931219E+01  0.18220149E+02
  0.96120814E+01  0.18150506E+02
  0.96310409E+01  0.18089993E+02
  0.96500004E+01  0.18039034E+02
  0.96689599E+01  0.17997767E+02
  0.96879194E+01  0.17966070E+02
  0.97068789E+01  0.17943587E+02
  0.97258384E+01  0.17929771E+02
  0.97447979E+01  0.17923920E+02
  0.97637574E+01  0.17925202E+02
  0.97827169E+01  0.17932689E+02
  0.98016764E+01  0.17945376E+02
  0.98206359E+01  0.17962212E+02
  0.98395954E+01  0.17982142E+02
  0.98585549E+01  0.18004147E+02
  0.98775144E+01  0.18027296E+02
  0.98964739E+01  0.18050783E+02
  0.99154334E+01  0.18073969E+02
  0.99343929E+01  0.18096399E+02
  0.99533524E+01  0.18117806E+02
  0.99723119E+01  0.18138099E+02
  0.99912714E+01  0.18157334E+02
  0.10010231E+02  0.18175673E+02
  0.10029190E+02  0.18193331E+02
  0.10048150E+02  0.18210527E+02
  0.10067109E+02  0.18227441E+02
  0.10086069E+02  0.18244180E+02
  0.10105028E+02  0.18260763E+02
  0.10123988E+02  0.18277131E+02
  0.10142947E+02  0.18293162E+02
  0.10161907E+02  0.18308699E+02
  0.10180866E+02  0.18323559E+02
  0.10199826E+02  0.18337513E+02
  0.10218785E+02  0.18350248E+02
  0.10237745E+02  0.18361340E+02
  0.10256704E+02  0.18370320E+02
  0.10275664E+02  0.18376829E+02
  0.10294623E+02  0.18380780E+02
  0.10313583E+02  0.18382456E+02
  0.10332542E+02  0.18382488E+02
  0.10351502E+02  0.18381738E+02
  0.10370461E+02  0.18381139E+02
  0.10389421E+02  0.18381535E+02
  0.10408380E+02  0.18383547E+02
  0.10427340E+02  0.18387408E+02
  0.10446299E+02  0.18392784E+02
  0.10465249E+02  0.18384918E+02
  0.10484199E+02  0.18378756E+02
  0.10503150E+02  0.18376157E+02
  0.10522100E+02  0.18377190E+02
  0.10541050E+02  0.18380982E+02
  0.10560000E+02  0.18385650E+02
  0.10578950E+02  0.18388090E+02
  0.10597900E+02  0.18384838E+02
  0.10616850E+02  0.18374060E+02
  0.10635800E+02  0.18356384E+02
  0.10654750E+02  0.18333989E+02
  0.10673700E+02  0.18309362E+02
  0.10692651E+02  0.18284161E+02
  0.10711601E+02  0.18258718E+02
  0.10730551E+02  0.18232513E+02
  0.10749501E+02  0.18204841E+02
  0.10768451E+02  0.18175117E+02
  0.10787401E+02  0.18142936E+02
  0.10806351E+02  0.18108049E+02
  0.10825301E+02  0.18070334E+02
  0.10844251E+02  0.18029773E+02
  0.10863201E+02  0.17986435E+02
  0.10882152E+02  0.17940466E+02
  0.10901102E+02  0.17892083E+02
  0.10920052E+02  0.17841575E+02
  0.10939002E+02  0.17789310E+02
  0.10957952E+02  0.17735768E+02
  0.10976902E+02  0.17681627E+02
  0.10995852E+02  0.17628026E+02
  0.11014802E+02  0.17577355E+02
  0.11033752E+02  0.17534206E+02
  0.11052702E+02  0.17500374E+02
  0.11071653E+02  0.17470252E+02
  0.11090603E+02  0.17438920E+02
  0.11109553E+02  0.17404030E+02
  0.11128503E+02  0.17364387E+02
  0.11147453E+02  0.17319354E+02
  0.11166403E+02  0.17268678E+02
  0.11185353E+02  0.17212450E+02
  0.11204303E+02  0.17151091E+02
  0.11223253E+02  0.17085346E+02
  0.11242203E+02  0.17016269E+02
  0.11261154E+02  0.16945188E+02
  0.11280104E+02  0.16892444E+02
  0.11299054E+02  0.16859793E+02
  0.11318004E+02  0.16828609E+02
  0.11336954E+02  0.16798742E+02
  0.11355904E+02  0.16770101E+02
  0.11374854E+02  0.16742679E+02
  0.11393804E+02  0.16716583E+02
  0.11412754E+02  0.16692074E+02
  0.11431704E+02  0.16669614E+02
  0.11450655E+02  0.16649937E+02
  0.11469605E+02  0.16634138E+02
  0.11488555E+02  0.16623696E+02
  0.11507505E+02  0.16620217E+02
  0.11526455E+02  0.16624686E+02
  0.11545405E+02  0.16636689E+02
  0.11564355E+02  0.16654583E+02
  0.11583305E+02  0.16676398E+02
  0.11602255E+02  0.16700558E+02
  0.11621205E+02  0.16726232E+02
  0.11640156E+02  0.16753637E+02
  0.11659106E+02  0.16784502E+02
  0.11678056E+02  0.16822343E+02
  0.11697006E+02  0.16871078E+02
  0.11715956E+02  0.16931534E+02
  0.11734906E+02  0.17000311E+02
  0.11753856E+02  0.17072523E+02
  0.11772806E+02  0.17143940E+02
  0.11791756E+02  0.17211325E+02
  0.11810707E+02  0.17272185E+02
  0.11829657E+02  0.17324548E+02
  0.11848607E+02  0.17366845E+02
  0.11867557E+02  0.17397871E+02
  0.11886507E+02  0.17416789E+02
  0.11905457E+02  0.17423141E+02
  0.11924407E+02  0.17416856E+02
  0.11943357E+02  0.17398243E+02
  0.11962307E+02  0.17367967E+02
  0.11981257E+02  0.17327003E+02
  0.12000208E+02  0.17276574E+02
  0.12019158E+02  0.17218077E+02
  0.12038108E+02  0.17153010E+02
  0.12057058E+02  0.17082890E+02
  0.12076008E+02  0.17009188E+02
  0.12094958E+02  0.16933269E+02
  0.12113995E+02  0.17013686E+02
  0.12133032E+02  0.17093079E+02
  0.12152069E+02  0.17169996E+02
  0.12171106E+02  0.17243448E+02
  0.12190143E+02  0.17312966E+02
  0.12209180E+02  0.17378581E+02
  0.12228218E+02  0.17440715E+02
  0.12247255E+02  0.17500050E+02
  0.12266292E+02  0.17557397E+02
  0.12285329E+02  0.17613602E+02
  0.12304366E+02  0.17669493E+02
  0.12323403E+02  0.17725851E+02
  0.12342440E+02  0.17783399E+02
  0.12361477E+02  0.17842790E+02
  0.12380514E+02  0.17904581E+02
  0.12399551E+02  0.17969211E+02
  0.12418588E+02  0.18036962E+02
  0.12437625E+02  0.18107934E+02
  0.12456662E+02  0.18182020E+02
  0.12475699E+02  0.18258918E+02
  0.12494737E+02  0.18338152E+02
  0.12513774E+02  0.18419139E+02
  0.12532811E+02  0.18501255E+02
  0.12551848E+02  0.18583930E+02
  0.12570885E+02  0.18666713E+02
  0.12589922E+02  0.18749326E+02
  0.12608959E+02  0.18831675E+02
  0.12627996E+02  0.18913821E+02
  0.12647033E+02  0.18995914E+02
  0.12666070E+02  0.19078106E+02
  0.12685107E+02  0.19160453E+02
  0.12704144E+02  0.19242836E+02
  0.12723181E+02  0.19324912E+02
  0.12742218E+02  0.19406119E+02
  0.12761256E+02  0.19485722E+02
  0.12780293E+02  0.19562914E+02
  0.12799330E+02  0.19636931E+02
  0.12818367E+02  0.19707163E+02
  0.12837404E+02  0.19773236E+02
  0.12856441E+02  0.19835019E+02
  0.12875478E+02  0.19892574E+02
  0.12894515E+02  0.19946034E+02
  0.12913552E+02  0.19995460E+02
  0.12932589E+02  0.20040705E+02
  0.12951626E+02  0.20081338E+02
  0.12970663E+02  0.20116669E+02
  0.12989700E+02  0.20145889E+02
  0.13008737E+02  0.20168317E+02
  0.13027775E+02  0.20183709E+02
  0.13046812E+02  0.20192543E+02
  
  0.00000000E+00  0.18392784E+02
  0.19037071E-01  0.18424869E+02
  0.38074143E-01  0.18458116E+02
  0.57111214E-01  0.18491887E+02
  0.76148286E-01  0.18525501E+02
  0.95185357E-01  0.18558260E+02
  0.11422243E+00  0.18589485E+02
  0.13325950E+00  0.18618546E+02
  0.15229657E+00  0.18644899E+02
  0.17133364E+00  0.18668123E+02
  0.19037071E+00  0.18687958E+02
  0.20940779E+00  0.18704338E+02
  0.22844486E+00  0.18717431E+02
  0.24748193E+00  0.18727669E+02
  0.26651900E+00  0.18735770E+02
  0.28555607E+00  0.18742736E+02
  0.30459314E+00  0.18749810E+02
  0.32363021E+00  0.18758369E+02
  0.34266728E+00  0.18769742E+02
  0.36170436E+00  0.18785003E+02
  0.38074143E+00  0.18804797E+02
  0.39977850E+00  0.18829295E+02
  0.41881557E+00  0.18858275E+02
  0.43785264E+00  0.18891272E+02
  0.45688971E+00  0.18927742E+02
  0.47592678E+00  0.18967168E+02
  0.49496386E+00  0.19009128E+02
  0.51400093E+00  0.19053311E+02
  0.53303800E+00  0.19099461E+02
  0.55207507E+00  0.19146470E+02
  0.57111214E+00  0.19079385E+02
  0.59014921E+00  0.18955113E+02
  0.60918628E+00  0.18827855E+02
  0.62822336E+00  0.18700336E+02
  0.64726043E+00  0.18585285E+02
  0.66629750E+00  0.18542954E+02
  0.68533457E+00  0.18553686E+02
  0.70437164E+00  0.18572917E+02
  0.72340871E+00  0.18594787E+02
  0.74244578E+00  0.18618292E+02
  0.76148286E+00  0.18643219E+02
  0.78051993E+00  0.18669567E+02
  0.79955700E+00  0.18697414E+02
  0.81859407E+00  0.18726881E+02
  0.83763114E+00  0.18758119E+02
  0.85666821E+00  0.18791312E+02
  0.87570528E+00  0.18826677E+02
  0.89474235E+00  0.18864459E+02
  0.91377943E+00  0.18904917E+02
  0.93281650E+00  0.18948307E+02
  0.95185357E+00  0.18994851E+02
  0.97089064E+00  0.19047371E+02
  0.98992771E+00  0.19102567E+02
  0.10089648E+01  0.19160715E+02
  0.10280019E+01  0.19222111E+02
  0.10470389E+01  0.19287020E+02
  0.10660760E+01  0.19355631E+02
  0.10851131E+01  0.19428045E+02
  0.11041501E+01  0.19504316E+02
  0.11231872E+01  0.19584498E+02
  0.11422243E+01  0.19668677E+02
  0.11612614E+01  0.19756977E+02
  0.11802984E+01  0.19849553E+02
  0.11993355E+01  0.19946560E+02
  0.12183726E+01  0.20048096E+02
  0.12374096E+01  0.20154163E+02
  0.12564467E+01  0.20264635E+02
  0.12754838E+01  0.20379269E+02
  0.12945209E+01  0.20497730E+02
  0.13135579E+01  0.20619607E+02
  0.13325950E+01  0.20744435E+02
  0.13516321E+01  0.20871709E+02
  0.13706691E+01  0.21000897E+02
  0.13897062E+01  0.21131467E+02
  0.14087433E+01  0.21262958E+02
  0.14277804E+01  0.21395511E+02
  0.14468174E+01  0.21534412E+02
  0.14658545E+01  0.21679712E+02
  0.14848916E+01  0.21826444E+02
  0.15039286E+01  0.21973259E+02
  0.15229657E+01  0.22119149E+02
  0.15420028E+01  0.22263112E+02
  0.15610399E+01  0.22404132E+02
  0.15800769E+01  0.22541185E+02
  0.15991140E+01  0.22673260E+02
  0.16181511E+01  0.22799373E+02
  0.16371881E+01  0.22918589E+02
  0.16562252E+01  0.23030029E+02
  0.16752623E+01  0.23132885E+02
  0.16942994E+01  0.23226424E+02
  0.17133364E+01  0.23310018E+02
  0.17323735E+01  0.23383202E+02
  0.17514106E+01  0.23445821E+02
  0.17704476E+01  0.23498223E+02
  0.17894847E+01  0.23541282E+02
  0.18085218E+01  0.23576101E+02
  0.18275589E+01  0.23603612E+02
  0.18465959E+01  0.23624403E+02
  0.18656330E+01  0.23638751E+02
  0.18846701E+01  0.23646709E+02
  0.19037071E+01  0.23648172E+02
  0.19226572E+01  0.23647526E+02
  0.19416073E+01  0.23637356E+02
  0.19605574E+01  0.23617544E+02
  0.19795075E+01  0.23590876E+02
  0.19984576E+01  0.23560404E+02
  0.20174077E+01  0.23527716E+02
  0.20363578E+01  0.23493317E+02
  0.20553079E+01  0.23457365E+02
  0.20742580E+01  0.23419972E+02
  0.20932081E+01  0.23381301E+02
  0.21121582E+01  0.23341598E+02
  0.21311083E+01  0.23301224E+02
  0.21500584E+01  0.23260658E+02
  0.21690085E+01  0.23220499E+02
  0.21879586E+01  0.23181441E+02
  0.22069087E+01  0.23144242E+02
  0.22258588E+01  0.23109678E+02
  0.22448089E+01  0.23078502E+02
  0.22637590E+01  0.23051394E+02
  0.22827091E+01  0.23028922E+02
  0.23016592E+01  0.23011489E+02
  0.23206093E+01  0.22999259E+02
  0.23395594E+01  0.22991978E+02
  0.23585096E+01  0.22988305E+02
  0.23774597E+01  0.22982475E+02
  0.23964098E+01  0.22957312E+02
  0.24153599E+01  0.22911736E+02
  0.24343100E+01  0.22859672E+02
  0.24532601E+01  0.22806127E+02
  0.24722102E+01  0.22752929E+02
  0.24911603E+01  0.22701169E+02
  0.25101104E+01  0.22651699E+02
  0.25290605E+01  0.22605242E+02
  0.25480106E+01  0.22562423E+02
  0.25669607E+01  0.22523768E+02
  0.25859108E+01  0.22489696E+02
  0.26048609E+01  0.22460505E+02
  0.26238110E+01  0.22436355E+02
  0.26427611E+01  0.22417252E+02
  0.26617112E+01  0.22403022E+02
  0.26806613E+01  0.22393301E+02
  0.26996114E+01  0.22387523E+02
  0.27185615E+01  0.22384925E+02
  0.27375116E+01  0.22384575E+02
  0.27564617E+01  0.22385433E+02
  0.27754118E+01  0.22386455E+02
  0.27943619E+01  0.22386736E+02
  0.28133120E+01  0.22385652E+02
  0.28322621E+01  0.22382967E+02
  0.28512122E+01  0.22378839E+02
  0.28701623E+01  0.22373727E+02
  0.28891124E+01  0.22368243E+02
  0.29080625E+01  0.22363007E+02
  0.29270126E+01  0.22358567E+02
  0.29459627E+01  0.22355370E+02
  0.29649128E+01  0.22353783E+02
  0.29838629E+01  0.22354123E+02
  0.30028130E+01  0.22356664E+02
  0.30217631E+01  0.22361627E+02
  0.30407132E+01  0.22369140E+02
  0.30596633E+01  0.22379188E+02
  0.30786134E+01  0.22391574E+02
  0.30975635E+01  0.22405890E+02
  0.31165136E+01  0.22421518E+02
  0.31354637E+01  0.22437660E+02
  0.31544138E+01  0.22453392E+02
  0.31733639E+01  0.22467730E+02
  0.31923140E+01  0.22479711E+02
  0.32112641E+01  0.22488462E+02
  0.32302142E+01  0.22493265E+02
  0.32491643E+01  0.22493611E+02
  0.32681144E+01  0.22489223E+02
  0.32870645E+01  0.22480073E+02
  0.33060146E+01  0.22466361E+02
  0.33249647E+01  0.22448491E+02
  0.33439148E+01  0.22427010E+02
  0.33628649E+01  0.22402561E+02
  0.33818150E+01  0.22375820E+02
  0.34007651E+01  0.22347465E+02
  0.34197152E+01  0.22318166E+02
  0.34386653E+01  0.22288610E+02
  0.34576154E+01  0.22259553E+02
  0.34765655E+01  0.22231859E+02
  0.34955156E+01  0.22206522E+02
  0.35144657E+01  0.22184631E+02
  0.35334158E+01  0.22167279E+02
  0.35523659E+01  0.22155445E+02
  0.35714030E+01  0.22174159E+02
  0.35904400E+01  0.22200629E+02
  0.36094771E+01  0.22234064E+02
  0.36285142E+01  0.22273716E+02
  0.36475512E+01  0.22318837E+02
  0.36665883E+01  0.22368645E+02
  0.36856254E+01  0.22422288E+02
  0.37046625E+01  0.22478805E+02
  0.37236995E+01  0.22537095E+02
  0.37427366E+01  0.22595875E+02
  0.37617737E+01  0.22653651E+02
  0.37808107E+01  0.22708723E+02
  0.37998478E+01  0.22759236E+02
  0.38188849E+01  0.22803322E+02
  0.38379220E+01  0.22839339E+02
  0.38569590E+01  0.22866147E+02
  0.38759961E+01  0.22883319E+02
  0.38950332E+01  0.22891141E+02
  0.39140702E+01  0.22890374E+02
  0.39331073E+01  0.22881914E+02
  0.39521444E+01  0.22866558E+02
  0.39711815E+01  0.22844945E+02
  0.39902185E+01  0.22817664E+02
  0.40092556E+01  0.22785395E+02
  0.40282927E+01  0.22749009E+02
  0.40473297E+01  0.22709604E+02
  0.40663668E+01  0.22668459E+02
  0.40854039E+01  0.22626953E+02
  0.41044410E+01  0.22586439E+02
  0.41234780E+01  0.22548109E+02
  0.41425151E+01  0.22512853E+02
  0.41615522E+01  0.22481120E+02
  0.41805892E+01  0.22452812E+02
  0.41996263E+01  0.22427233E+02
  0.42186634E+01  0.22403149E+02
  0.42377005E+01  0.22379003E+02
  0.42567375E+01  0.22353329E+02
  0.42757746E+01  0.22325302E+02
  0.42948117E+01  0.22295218E+02
  0.43138487E+01  0.22264596E+02
  0.43328858E+01  0.22235732E+02
  0.43519229E+01  0.22210874E+02
  0.43709600E+01  0.22191467E+02
  0.43899970E+01  0.22177806E+02
  0.44090341E+01  0.22169155E+02
  0.44280712E+01  0.22164089E+02
  0.44471082E+01  0.22160877E+02
  0.44661453E+01  0.22157787E+02
  0.44851824E+01  0.22153336E+02
  0.45042195E+01  0.22146506E+02
  0.45231789E+01  0.22145917E+02
  0.45421384E+01  0.22138566E+02
  0.45610979E+01  0.22124654E+02
  0.45800574E+01  0.22104668E+02
  0.45990169E+01  0.22079348E+02
  0.46179764E+01  0.22049635E+02
  0.46369359E+01  0.22016599E+02
  0.46558954E+01  0.21981376E+02
  0.46748549E+01  0.21945088E+02
  0.46938144E+01  0.21908779E+02
  0.47127739E+01  0.21873343E+02
  0.47317334E+01  0.21839474E+02
  0.47506929E+01  0.21807632E+02
  0.47696524E+01  0.21778015E+02
  0.47886119E+01  0.21750571E+02
  0.48075714E+01  0.21725016E+02
  0.48265309E+01  0.21700871E+02
  0.48454904E+01  0.21677514E+02
  0.48644499E+01  0.21654229E+02
  0.48834094E+01  0.21630262E+02
  0.49023689E+01  0.21604866E+02
  0.49213284E+01  0.21577345E+02
  0.49402879E+01  0.21547091E+02
  0.49592474E+01  0.21513616E+02
  0.49782069E+01  0.21476580E+02
  0.49971664E+01  0.21435818E+02
  0.50161258E+01  0.21391363E+02
  0.50350853E+01  0.21343470E+02
  0.50540448E+01  0.21292620E+02
  0.50730043E+01  0.21239516E+02
  0.50919638E+01  0.21184999E+02
  0.51109233E+01  0.21129240E+02
  0.51298828E+01  0.21040396E+02
  0.51488423E+01  0.20914764E+02
  0.51678018E+01  0.20790061E+02
  0.51867613E+01  0.20667534E+02
  0.52057208E+01  0.20547337E+02
  0.52246803E+01  0.20429530E+02
  0.52436398E+01  0.20314177E+02
  0.52625993E+01  0.20201360E+02
  0.52815588E+01  0.20091181E+02
  0.53005183E+01  0.19983753E+02
  0.53194778E+01  0.19879200E+02
  0.53384373E+01  0.19777648E+02
  0.53573968E+01  0.19679228E+02
  0.53763563E+01  0.19584073E+02
  0.53953158E+01  0.19492323E+02
  0.54142753E+01  0.19404126E+02
  0.54332348E+01  0.19319640E+02
  0.54521943E+01  0.19239037E+02
  0.54711538E+01  0.19162499E+02
  0.54901133E+01  0.19090213E+02
  0.55090727E+01  0.19022358E+02
  0.55280322E+01  0.18959088E+02
  0.55469917E+01  0.18900513E+02
  0.55659512E+01  0.18846686E+02
  0.55849107E+01  0.18797587E+02
  0.56038702E+01  0.18753132E+02
  0.56228297E+01  0.18713163E+02
  0.56417892E+01  0.18677435E+02
  0.56607487E+01  0.18645585E+02
  0.56797082E+01  0.18617074E+02
  0.56986677E+01  0.18591146E+02
  0.57176272E+01  0.18566867E+02
  0.57365867E+01  0.18543260E+02
  0.57555462E+01  0.18519498E+02
  0.57745057E+01  0.18495069E+02
  0.57934652E+01  0.18469839E+02
  0.58124247E+01  0.18444028E+02
  0.58313842E+01  0.18418123E+02
  0.58503437E+01  0.18392784E+02
  0.58693807E+01  0.18402842E+02
  0.58884178E+01  0.18413451E+02
  0.59074549E+01  0.18424708E+02
  0.59264920E+01  0.18436610E+02
  0.59455290E+01  0.18449077E+02
  0.59645661E+01  0.18462008E+02
  0.59836032E+01  0.18475363E+02
  0.60026402E+01  0.18489222E+02
  0.60216773E+01  0.18503793E+02
  0.60407144E+01  0.18519365E+02
  0.60597515E+01  0.18536207E+02
  0.60787885E+01  0.18554504E+02
  0.60978256E+01  0.18574351E+02
  0.61168627E+01  0.18595791E+02
  0.61358997E+01  0.18618876E+02
  0.61549368E+01  0.18643695E+02
  0.61739739E+01  0.18670386E+02
  0.61930110E+01  0.18699119E+02
  0.62120480E+01  0.18730079E+02
  0.62310851E+01  0.18763435E+02
  0.62501222E+01  0.18799309E+02
  0.62691592E+01  0.18837753E+02
  0.62881963E+01  0.18878714E+02
  0.63072334E+01  0.18921997E+02
  0.63262705E+01  0.18967168E+02
  0.63453075E+01  0.19013221E+02
  0.63643446E+01  0.19056711E+02
  0.63833817E+01  0.19072938E+02
  0.64024187E+01  0.18978432E+02
  0.64214558E+01  0.18846404E+02
  0.64404929E+01  0.18726638E+02
  0.64595300E+01  0.18633726E+02
  0.64785670E+01  0.18575851E+02
  0.64976041E+01  0.18548970E+02
  0.65166412E+01  0.18543261E+02
  0.65356782E+01  0.18551830E+02
  0.65547153E+01  0.18569217E+02
  0.65737524E+01  0.18591267E+02
  0.65927895E+01  0.18615948E+02
  0.66118265E+01  0.18642433E+02
  0.66308636E+01  0.18670381E+02
  0.66499007E+01  0.18699664E+02
  0.66689377E+01  0.18730268E+02
  0.66879748E+01  0.18762259E+02
  0.67070119E+01  0.18795774E+02
  0.67260490E+01  0.18831016E+02
  0.67450860E+01  0.18868243E+02
  0.67641231E+01  0.18907750E+02
  0.67831602E+01  0.18949851E+02
  0.68021972E+01  0.18994851E+02
  0.68212343E+01  0.19060022E+02
  0.68402714E+01  0.19128623E+02
  0.68593085E+01  0.19200406E+02
  0.68783455E+01  0.19275110E+02
  0.68973826E+01  0.19352479E+02
  0.69164197E+01  0.19432271E+02
  0.69354567E+01  0.19514270E+02
  0.69544938E+01  0.19598302E+02
  0.69735309E+01  0.19684242E+02
  0.69925680E+01  0.19772015E+02
  0.70116050E+01  0.19861608E+02
  0.70306421E+01  0.19953059E+02
  0.70496792E+01  0.20046464E+02
  0.70687162E+01  0.20141965E+02
  0.70877533E+01  0.20239744E+02
  0.71067904E+01  0.20340007E+02
  0.71258275E+01  0.20442973E+02
  0.71448645E+01  0.20548854E+02
  0.71639016E+01  0.20657842E+02
  0.71829387E+01  0.20770088E+02
  0.72019757E+01  0.20885685E+02
  0.72210128E+01  0.21004653E+02
  0.72400499E+01  0.21126921E+02
  0.72590870E+01  0.21252310E+02
  0.72781240E+01  0.21380513E+02
  0.72971611E+01  0.21520836E+02
  0.73161982E+01  0.21661043E+02
  0.73352352E+01  0.21800688E+02
  0.73542723E+01  0.21939492E+02
  0.73733094E+01  0.22077288E+02
  0.73923465E+01  0.22213874E+02
  0.74113835E+01  0.22348837E+02
  0.74304206E+01  0.22481492E+02
  0.74494577E+01  0.22610944E+02
  0.74684947E+01  0.22736195E+02
  0.74875318E+01  0.22856223E+02
  0.75065689E+01  0.22970039E+02
  0.75256060E+01  0.23076720E+02
  0.75446430E+01  0.23175433E+02
  0.75636801E+01  0.23265465E+02
  0.75827172E+01  0.23346242E+02
  0.76017542E+01  0.23417350E+02
  0.76207913E+01  0.23478560E+02
  0.76398284E+01  0.23529846E+02
  0.76588655E+01  0.23571389E+02
  0.76779025E+01  0.23603552E+02
  0.76969396E+01  0.23626814E+02
  0.77159767E+01  0.23641692E+02
  0.77350137E+01  0.23648672E+02
  0.77540508E+01  0.23648172E+02
  0.77730103E+01  0.23646536E+02
  0.77919698E+01  0.23638956E+02
  0.78109293E+01  0.23622062E+02
  0.78298888E+01  0.23593311E+02
  0.78488483E+01  0.23552013E+02
  0.78678078E+01  0.23498518E+02
  0.78867673E+01  0.23433622E+02
  0.79057268E+01  0.23358361E+02
  0.79246863E+01  0.23273885E+02
  0.79436458E+01  0.23181306E+02
  0.79626053E+01  0.23081547E+02
  0.79815648E+01  0.22975241E+02
  0.80005243E+01  0.22862727E+02
  0.80194838E+01  0.22744117E+02
  0.80384433E+01  0.22619411E+02
  0.80574028E+01  0.22488593E+02
  0.80763622E+01  0.22351717E+02
  0.80953217E+01  0.22208956E+02
  0.81142812E+01  0.22060644E+02
  0.81332407E+01  0.21907288E+02
  0.81522002E+01  0.21749576E+02
  0.81711597E+01  0.21588382E+02
  0.81901192E+01  0.21424747E+02
  0.82090787E+01  0.21259876E+02
  0.82280382E+01  0.21095112E+02
  0.82469977E+01  0.20931925E+02
  0.82659572E+01  0.20771887E+02
  0.82849167E+01  0.20616660E+02
  0.83038762E+01  0.20467983E+02
  0.83228357E+01  0.20327650E+02
  0.83417952E+01  0.20197492E+02
  0.83607547E+01  0.20079337E+02
  0.83797142E+01  0.19974955E+02
  0.83986737E+01  0.19885978E+02
  0.84176332E+01  0.19813814E+02
  0.84365927E+01  0.19759559E+02
  0.84555522E+01  0.19723928E+02
  0.84745117E+01  0.19707214E+02
  0.84934712E+01  0.19709286E+02
  0.85124307E+01  0.19729604E+02
  0.85313902E+01  0.19767274E+02
  0.85503497E+01  0.19821094E+02
  0.85693091E+01  0.19889618E+02
  0.85882686E+01  0.19971194E+02
  0.86072281E+01  0.20064008E+02
  0.86261876E+01  0.20166114E+02
  0.86451471E+01  0.20275460E+02
  0.86641066E+01  0.20389922E+02
  0.86830661E+01  0.20507347E+02
  0.87020256E+01  0.20625608E+02
  0.87209851E+01  0.20742666E+02
  0.87399446E+01  0.20856646E+02
  0.87589041E+01  0.20965906E+02
  0.87778636E+01  0.21069111E+02
  0.87968231E+01  0.21165291E+02
  0.88157826E+01  0.21253877E+02
  0.88347421E+01  0.21334722E+02
  0.88537016E+01  0.21408074E+02
  0.88726611E+01  0.21474529E+02
  0.88916206E+01  0.21534936E+02
  0.89105801E+01  0.21590278E+02
  0.89295396E+01  0.21641535E+02
  0.89484991E+01  0.21689541E+02
  0.89674586E+01  0.21734874E+02
  0.89864181E+01  0.21777789E+02
  0.90053776E+01  0.21818212E+02
  0.90243371E+01  0.21855796E+02
  0.90432966E+01  0.21890022E+02
  0.90622560E+01  0.21920318E+02
  0.90812155E+01  0.21946165E+02
  0.91001750E+01  0.21967149E+02
  0.91191345E+01  0.21953246E+02
  0.91380940E+01  0.21937219E+02
  0.91570535E+01  0.21919594E+02
  0.91760130E+01  0.21900863E+02
  0.91949725E+01  0.21881441E+02
  0.92139320E+01  0.21861637E+02
  0.92328915E+01  0.21841627E+02
  0.92518510E+01  0.21821452E+02
  0.92708105E+01  0.21801026E+02
  0.92897700E+01  0.21780161E+02
  0.93087295E+01  0.21758601E+02
  0.93276890E+01  0.21736063E+02
  0.93466485E+01  0.21712278E+02
  0.93656080E+01  0.21687023E+02
  0.93845675E+01  0.21660153E+02
  0.94035270E+01  0.21631609E+02
  0.94224865E+01  0.21601427E+02
  0.94414460E+01  0.21569721E+02
  0.94604055E+01  0.21536665E+02
  0.94793650E+01  0.21502468E+02
  0.94983245E+01  0.21467344E+02
  0.95172840E+01  0.21431488E+02
  0.95362435E+01  0.21395063E+02
  0.95552029E+01  0.21358185E+02
  0.95741624E+01  0.21320931E+02
  0.95931219E+01  0.21283350E+02
  0.96120814E+01  0.21245475E+02
  0.96310409E+01  0.21207348E+02
  0.96500004E+01  0.21169033E+02
  0.96689599E+01  0.21130619E+02
  0.96879194E+01  0.21092183E+02
  0.97068789E+01  0.21053544E+02
  0.97258384E+01  0.21011839E+02
  0.97447979E+01  0.20925682E+02
  0.97637574E+01  0.20795245E+02
  0.97827169E+01  0.20663538E+02
  0.98016764E+01  0.20534341E+02
  0.98206359E+01  0.20408566E+02
  0.98395954E+01  0.20286729E+02
  0.98585549E+01  0.20169182E+02
  0.98775144E+01  0.20056154E+02
  0.98964739E+01  0.19947751E+02
  0.99154334E+01  0.19843967E+02
  0.99343929E+01  0.19744691E+02
  0.99533524E+01  0.19649736E+02
  0.99723119E+01  0.19558864E+02
  0.99912714E+01  0.19471821E+02
  0.10010231E+02  0.19388379E+02
  0.10029190E+02  0.19308362E+02
  0.10048150E+02  0.19231679E+02
  0.10067109E+02  0.19158329E+02
  0.10086069E+02  0.19088408E+02
  0.10105028E+02  0.19022094E+02
  0.10123988E+02  0.18959617E+02
  0.10142947E+02  0.18901227E+02
  0.10161907E+02  0.18847145E+02
  0.10180866E+02  0.18797524E+02
  0.10199826E+02  0.18752411E+02
  0.10218785E+02  0.18711714E+02
  0.10237745E+02  0.18675197E+02
  0.10256704E+02  0.18642472E+02
  0.10275664E+02  0.18613008E+02
  0.10294623E+02  0.18586144E+02
  0.10313583E+02  0.18561133E+02
  0.10332542E+02  0.18537209E+02
  0.10351502E+02  0.18513686E+02
  0.10370461E+02  0.18490061E+02
  0.10389421E+02  0.18466069E+02
  0.10408380E+02  0.18441696E+02
  0.10427340E+02  0.18417146E+02
  0.10446299E+02  0.18392784E+02
  0.10465249E+02  0.18415418E+02
  0.10484199E+02  0.18436518E+02
  0.10503150E+02  0.18455363E+02
  0.10522100E+02  0.18471606E+02
  0.10541050E+02  0.18485595E+02
  0.10560000E+02  0.18498838E+02
  0.10578950E+02  0.18514303E+02
  0.10597900E+02  0.18535631E+02
  0.10616850E+02  0.18565274E+02
  0.10635800E+02  0.18603762E+02
  0.10654750E+02  0.18650606E+02
  0.10673700E+02  0.18705109E+02
  0.10692651E+02  0.18766613E+02
  0.10711601E+02  0.18834498E+02
  0.10730551E+02  0.18908152E+02
  0.10749501E+02  0.18986956E+02
  0.10768451E+02  0.19070289E+02
  0.10787401E+02  0.19157545E+02
  0.10806351E+02  0.19248168E+02
  0.10825301E+02  0.19341683E+02
  0.10844251E+02  0.19437722E+02
  0.10863201E+02  0.19536048E+02
  0.10882152E+02  0.19636561E+02
  0.10901102E+02  0.19739293E+02
  0.10920052E+02  0.19844393E+02
  0.10939002E+02  0.19952093E+02
  0.10957952E+02  0.20062681E+02
  0.10976902E+02  0.20176459E+02
  0.10995852E+02  0.20293716E+02
  0.11014802E+02  0.20414693E+02
  0.11033752E+02  0.20539552E+02
  0.11052702E+02  0.20668304E+02
  0.11071653E+02  0.20800580E+02
  0.11090603E+02  0.20934489E+02
  0.11109553E+02  0.21057417E+02
  0.11128503E+02  0.21122815E+02
  0.11147453E+02  0.21155441E+02
  0.11166403E+02  0.21185548E+02
  0.11185353E+02  0.21217546E+02
  0.11204303E+02  0.21252136E+02
  0.11223253E+02  0.21289290E+02
  0.11242203E+02  0.21328762E+02
  0.11261154E+02  0.21370223E+02
  0.11280104E+02  0.21413328E+02
  0.11299054E+02  0.21457742E+02
  0.11318004E+02  0.21503163E+02
  0.11336954E+02  0.21549335E+02
  0.11355904E+02  0.21596047E+02
  0.11374854E+02  0.21643140E+02
  0.11393804E+02  0.21690496E+02
  0.11412754E+02  0.21738039E+02
  0.11431704E+02  0.21785724E+02
  0.11450655E+02  0.21833528E+02
  0.11469605E+02  0.21881445E+02
  0.11488555E+02  0.21929476E+02
  0.11507505E+02  0.21977617E+02
  0.11526455E+02  0.22025852E+02
  0.11545405E+02  0.22074142E+02
  0.11564355E+02  0.22122408E+02
  0.11583305E+02  0.22170525E+02
  0.11602255E+02  0.22218301E+02
  0.11621205E+02  0.22265469E+02
  0.11640156E+02  0.22311675E+02
  0.11659106E+02  0.22356471E+02
  0.11678056E+02  0.22399309E+02
  0.11697006E+02  0.22439546E+02
  0.11715956E+02  0.22476446E+02
  0.11734906E+02  0.22509194E+02
  0.11753856E+02  0.22536926E+02
  0.11772806E+02  0.22558763E+02
  0.11791756E+02  0.22573874E+02
  0.11810707E+02  0.22581548E+02
  0.11829657E+02  0.22581283E+02
  0.11848607E+02  0.22572869E+02
  0.11867557E+02  0.22556455E+02
  0.11886507E+02  0.22532578E+02
  0.11905457E+02  0.22502149E+02
  0.11924407E+02  0.22466400E+02
  0.11943357E+02  0.22426792E+02
  0.11962307E+02  0.22384921E+02
  0.11981257E+02  0.22342423E+02
  0.12000208E+02  0.22300889E+02
  0.12019158E+02  0.22261819E+02
  0.12038108E+02  0.22226582E+02
  0.12057058E+02  0.22196404E+02
  0.12076008E+02  0.22172374E+02
  0.12094958E+02  0.22155445E+02
  0.12113995E+02  0.22162914E+02
  0.12133032E+02  0.22176038E+02
  0.12152069E+02  0.22194271E+02
  0.12171106E+02  0.22216951E+02
  0.12190143E+02  0.22243346E+02
  0.12209180E+02  0.22272680E+02
  0.12228218E+02  0.22304154E+02
  0.12247255E+02  0.22336948E+02
  0.12266292E+02  0.22370212E+02
  0.12285329E+02  0.22403063E+02
  0.12304366E+02  0.22434585E+02
  0.12323403E+02  0.22463844E+02
  0.12342440E+02  0.22489914E+02
  0.12361477E+02  0.22511915E+02
  0.12380514E+02  0.22529054E+02
  0.12399551E+02  0.22540663E+02
  0.12418588E+02  0.22546239E+02
  0.12437625E+02  0.22545466E+02
  0.12456662E+02  0.22538240E+02
  0.12475699E+02  0.22524673E+02
  0.12494737E+02  0.22505098E+02
  0.12513774E+02  0.22480054E+02
  0.12532811E+02  0.22450269E+02
  0.12551848E+02  0.22416633E+02
  0.12570885E+02  0.22380159E+02
  0.12589922E+02  0.22341940E+02
  0.12608959E+02  0.22303092E+02
  0.12627996E+02  0.22264703E+02
  0.12647033E+02  0.22227782E+02
  0.12666070E+02  0.22193210E+02
  0.12685107E+02  0.22161712E+02
  0.12704144E+02  0.22133831E+02
  0.12723181E+02  0.22109925E+02
  0.12742218E+02  0.22090161E+02
  0.12761256E+02  0.22074524E+02
  0.12780293E+02  0.22062828E+02
  0.12799330E+02  0.22054717E+02
  0.12818367E+02  0.22049684E+02
  0.12837404E+02  0.22047085E+02
  0.12856441E+02  0.22046155E+02
  0.12875478E+02  0.22046049E+02
  0.12894515E+02  0.22045883E+02
  0.12913552E+02  0.22044789E+02
  0.12932589E+02  0.22041969E+02
  0.12951626E+02  0.22036766E+02
  0.12970663E+02  0.22028705E+02
  0.12989700E+02  0.22017549E+02
  0.13008737E+02  0.22003325E+02
  0.13027775E+02  0.21986334E+02
  0.13046812E+02  0.21967149E+02
  
  0.00000000E+00  0.21324887E+02
  0.19037071E-01  0.21341062E+02
  0.38074143E-01  0.21349648E+02
  0.57111214E-01  0.21350403E+02
  0.76148286E-01  0.21343196E+02
  0.95185357E-01  0.21328006E+02
  0.11422243E+00  0.21304906E+02
  0.13325950E+00  0.21274028E+02
  0.15229657E+00  0.21235524E+02
  0.17133364E+00  0.21189522E+02
  0.19037071E+00  0.21136110E+02
  0.20940779E+00  0.21075335E+02
  0.22844486E+00  0.21007224E+02
  0.24748193E+00  0.20931830E+02
  0.26651900E+00  0.20849294E+02
  0.28555607E+00  0.20759905E+02
  0.30459314E+00  0.20664146E+02
  0.32363021E+00  0.20562722E+02
  0.34266728E+00  0.20456542E+02
  0.36170436E+00  0.20346675E+02
  0.38074143E+00  0.20234260E+02
  0.39977850E+00  0.20120395E+02
  0.41881557E+00  0.20006013E+02
  0.43785264E+00  0.19891769E+02
  0.45688971E+00  0.19777963E+02
  0.47592678E+00  0.19664506E+02
  0.49496386E+00  0.19550958E+02
  0.51400093E+00  0.19436626E+02
  0.53303800E+00  0.19320748E+02
  0.55207507E+00  0.19203555E+02
  0.57111214E+00  0.19199406E+02
  0.59014921E+00  0.19251255E+02
  0.60918628E+00  0.19305499E+02
  0.62822336E+00  0.19361841E+02
  0.64726043E+00  0.19420199E+02
  0.66629750E+00  0.19480482E+02
  0.68533457E+00  0.19542572E+02
  0.70437164E+00  0.19606328E+02
  0.72340871E+00  0.19671603E+02
  0.74244578E+00  0.19738260E+02
  0.76148286E+00  0.19806183E+02
  0.78051993E+00  0.19875292E+02
  0.79955700E+00  0.19945544E+02
  0.81859407E+00  0.20016936E+02
  0.83763114E+00  0.20089496E+02
  0.85666821E+00  0.20163277E+02
  0.87570528E+00  0.20238340E+02
  0.89474235E+00  0.20314745E+02
  0.91377943E+00  0.20392536E+02
  0.93281650E+00  0.20471738E+02
  0.95185357E+00  0.20552346E+02
  0.97089064E+00  0.20634330E+02
  0.98992771E+00  0.20717625E+02
  0.10089648E+01  0.20802144E+02
  0.10280019E+01  0.20887767E+02
  0.10470389E+01  0.20974351E+02
  0.10660760E+01  0.21061727E+02
  0.10851131E+01  0.21149699E+02
  0.11041501E+01  0.21238046E+02
  0.11231872E+01  0.21326527E+02
  0.11422243E+01  0.21414880E+02
  0.11612614E+01  0.21502832E+02
  0.11802984E+01  0.21590104E+02
  0.11993355E+01  0.21676420E+02
  0.12183726E+01  0.21761517E+02
  0.12374096E+01  0.21845157E+02
  0.12564467E+01  0.21927134E+02
  0.12754838E+01  0.22007282E+02
  0.12945209E+01  0.22085485E+02
  0.13135579E+01  0.22161678E+02
  0.13325950E+01  0.22235851E+02
  0.13516321E+01  0.22308045E+02
  0.13706691E+01  0.22378351E+02
  0.13897062E+01  0.22446899E+02
  0.14087433E+01  0.22513852E+02
  0.14277804E+01  0.22579389E+02
  0.14468174E+01  0.22643695E+02
  0.14658545E+01  0.22706946E+02
  0.14848916E+01  0.22769298E+02
  0.15039286E+01  0.22830870E+02
  0.15229657E+01  0.22891742E+02
  0.15420028E+01  0.22951940E+02
  0.15610399E+01  0.23011440E+02
  0.15800769E+01  0.23070164E+02
  0.15991140E+01  0.23127986E+02
  0.16181511E+01  0.23184742E+02
  0.16371881E+01  0.23240233E+02
  0.16562252E+01  0.23294245E+02
  0.16752623E+01  0.23346556E+02
  0.16942994E+01  0.23396946E+02
  0.17133364E+01  0.23445185E+02
  0.17323735E+01  0.23490986E+02
  0.17514106E+01  0.23533858E+02
  0.17704476E+01  0.23572926E+02
  0.17894847E+01  0.23606897E+02
  0.18085218E+01  0.23634361E+02
  0.18275589E+01  0.23654183E+02
  0.18465959E+01  0.23665664E+02
  0.18656330E+01  0.23668487E+02
  0.18846701E+01  0.23662612E+02
  0.19037071E+01  0.23648175E+02
  0.19226572E+01  0.23660809E+02
  0.19416073E+01  0.23666521E+02
  0.19605574E+01  0.23667730E+02
  0.19795075E+01  0.23665229E+02
  0.19984576E+01  0.23659204E+02
  0.20174077E+01  0.23649759E+02
  0.20363578E+01  0.23637056E+02
  0.20553079E+01  0.23621343E+02
  0.20742580E+01  0.23602933E+02
  0.20932081E+01  0.23582172E+02
  0.21121582E+01  0.23559386E+02
  0.21311083E+01  0.23534839E+02
  0.21500584E+01  0.23508704E+02
  0.21690085E+01  0.23481038E+02
  0.21879586E+01  0.23451794E+02
  0.22069087E+01  0.23420831E+02
  0.22258588E+01  0.23387950E+02
  0.22448089E+01  0.23352929E+02
  0.22637590E+01  0.23315568E+02
  0.22827091E+01  0.23275727E+02
  0.23016592E+01  0.23233387E+02
  0.23206093E+01  0.23188717E+02
  0.23395594E+01  0.23142266E+02
  0.23585096E+01  0.23095625E+02
  0.23774597E+01  0.23054756E+02
  0.23964098E+01  0.23036974E+02
  0.24153599E+01  0.23043427E+02
  0.24343100E+01  0.23060172E+02
  0.24532601E+01  0.23082085E+02
  0.24722102E+01  0.23107121E+02
  0.24911603E+01  0.23133870E+02
  0.25101104E+01  0.23161073E+02
  0.25290605E+01  0.23187530E+02
  0.25480106E+01  0.23212107E+02
  0.25669607E+01  0.23233775E+02
  0.25859108E+01  0.23251657E+02
  0.26048609E+01  0.23265093E+02
  0.26238110E+01  0.23273690E+02
  0.26427611E+01  0.23277377E+02
  0.26617112E+01  0.23276452E+02
  0.26806613E+01  0.23271610E+02
  0.26996114E+01  0.23263967E+02
  0.27185615E+01  0.23255052E+02
  0.27375116E+01  0.23246778E+02
  0.27564617E+01  0.23241373E+02
  0.27754118E+01  0.23241260E+02
  0.27943619E+01  0.23248901E+02
  0.28133120E+01  0.23266623E+02
  0.28322621E+01  0.23296475E+02
  0.28512122E+01  0.23340174E+02
  0.28701623E+01  0.23399125E+02
  0.28891124E+01  0.23474485E+02
  0.29080625E+01  0.23567211E+02
  0.29270126E+01  0.23678025E+02
  0.29459627E+01  0.23807339E+02
  0.29649128E+01  0.23955124E+02
  0.29838629E+01  0.24120801E+02
  0.30028130E+01  0.24303161E+02
  0.30217631E+01  0.24500341E+02
  0.30407132E+01  0.24709853E+02
  0.30596633E+01  0.24928659E+02
  0.30786134E+01  0.25153271E+02
  0.30975635E+01  0.25379886E+02
  0.31165136E+01  0.25604518E+02
  0.31354637E+01  0.25823153E+02
  0.31544138E+01  0.26031892E+02
  0.31733639E+01  0.26227098E+02
  0.31923140E+01  0.26405539E+02
  0.32112641E+01  0.26564512E+02
  0.32302142E+01  0.26701965E+02
  0.32491643E+01  0.26816585E+02
  0.32681144E+01  0.26907871E+02
  0.32870645E+01  0.26976175E+02
  0.33060146E+01  0.27022707E+02
  0.33249647E+01  0.27049496E+02
  0.33439148E+01  0.27059303E+02
  0.33628649E+01  0.27055490E+02
  0.33818150E+01  0.27041824E+02
  0.34007651E+01  0.27022240E+02
  0.34197152E+01  0.27000568E+02
  0.34386653E+01  0.26980245E+02
  0.34576154E+01  0.26964054E+02
  0.34765655E+01  0.26953917E+02
  0.34955156E+01  0.26950785E+02
  0.35144657E+01  0.26954633E+02
  0.35334158E+01  0.26964560E+02
  0.35523659E+01  0.26978965E+02
  0.35714030E+01  0.27050000E+02
  0.35904400E+01  0.27094719E+02
  0.36094771E+01  0.27109451E+02
  0.36285142E+01  0.27092097E+02
  0.36475512E+01  0.27042175E+02
  0.36665883E+01  0.26960802E+02
  0.36856254E+01  0.26850630E+02
  0.37046625E+01  0.26715740E+02
  0.37236995E+01  0.26561510E+02
  0.37427366E+01  0.26394455E+02
  0.37617737E+01  0.26222013E+02
  0.37808107E+01  0.26052265E+02
  0.37998478E+01  0.25893534E+02
  0.38188849E+01  0.25753819E+02
  0.38379220E+01  0.25640059E+02
  0.38569590E+01  0.25557289E+02
  0.38759961E+01  0.25507895E+02
  0.38950332E+01  0.25491233E+02
  0.39140702E+01  0.25503765E+02
  0.39331073E+01  0.25539665E+02
  0.39521444E+01  0.25591643E+02
  0.39711815E+01  0.25651754E+02
  0.39902185E+01  0.25712061E+02
  0.40092556E+01  0.25765140E+02
  0.40282927E+01  0.25804446E+02
  0.40473297E+01  0.25824589E+02
  0.40663668E+01  0.25821530E+02
  0.40854039E+01  0.25792728E+02
  0.41044410E+01  0.25737232E+02
  0.41234780E+01  0.25655725E+02
  0.41425151E+01  0.25550520E+02
  0.41615522E+01  0.25425499E+02
  0.41805892E+01  0.25285984E+02
  0.41996263E+01  0.25138504E+02
  0.42186634E+01  0.24990438E+02
  0.42377005E+01  0.24849454E+02
  0.42567375E+01  0.24722737E+02
  0.42757746E+01  0.24616044E+02
  0.42948117E+01  0.24532811E+02
  0.43138487E+01  0.24473635E+02
  0.43328858E+01  0.24436409E+02
  0.43519229E+01  0.24417060E+02
  0.43709600E+01  0.24410579E+02
  0.43899970E+01  0.24411987E+02
  0.44090341E+01  0.24417017E+02
  0.44280712E+01  0.24422477E+02
  0.44471082E+01  0.24426337E+02
  0.44661453E+01  0.24427584E+02
  0.44851824E+01  0.24425918E+02
  0.45042195E+01  0.24421348E+02
  0.45231789E+01  0.24431345E+02
  0.45421384E+01  0.24432433E+02
  0.45610979E+01  0.24424043E+02
  0.45800574E+01  0.24405572E+02
  0.45990169E+01  0.24376445E+02
  0.46179764E+01  0.24336195E+02
  0.46369359E+01  0.24284526E+02
  0.46558954E+01  0.24221373E+02
  0.46748549E+01  0.24146932E+02
  0.46938144E+01  0.24061672E+02
  0.47127739E+01  0.23966313E+02
  0.47317334E+01  0.23861790E+02
  0.47506929E+01  0.23749193E+02
  0.47696524E+01  0.23629707E+02
  0.47886119E+01  0.23504537E+02
  0.48075714E+01  0.23374844E+02
  0.48265309E+01  0.23241692E+02
  0.48454904E+01  0.23106001E+02
  0.48644499E+01  0.22968527E+02
  0.48834094E+01  0.22829858E+02
  0.49023689E+01  0.22690425E+02
  0.49213284E+01  0.22550530E+02
  0.49402879E+01  0.22410389E+02
  0.49592474E+01  0.22270175E+02
  0.49782069E+01  0.22130056E+02
  0.49971664E+01  0.21990232E+02
  0.50161258E+01  0.21850952E+02
  0.50350853E+01  0.21712514E+02
  0.50540448E+01  0.21575261E+02
  0.50730043E+01  0.21439560E+02
  0.50919638E+01  0.21305848E+02
  0.51109233E+01  0.21175368E+02
  0.51298828E+01  0.21081439E+02
  0.51488423E+01  0.21029221E+02
  0.51678018E+01  0.20982351E+02
  0.51867613E+01  0.20940763E+02
  0.52057208E+01  0.20905252E+02
  0.52246803E+01  0.20876434E+02
  0.52436398E+01  0.20854623E+02
  0.52625993E+01  0.20839807E+02
  0.52815588E+01  0.20831654E+02
  0.53005183E+01  0.20829543E+02
  0.53194778E+01  0.20832620E+02
  0.53384373E+01  0.20839876E+02
  0.53573968E+01  0.20850248E+02
  0.53763563E+01  0.20862727E+02
  0.53953158E+01  0.20876474E+02
  0.54142753E+01  0.20890905E+02
  0.54332348E+01  0.20905746E+02
  0.54521943E+01  0.20921040E+02
  0.54711538E+01  0.20937099E+02
  0.54901133E+01  0.20954415E+02
  0.55090727E+01  0.20973534E+02
  0.55280322E+01  0.20994930E+02
  0.55469917E+01  0.21018880E+02
  0.55659512E+01  0.21045380E+02
  0.55849107E+01  0.21074110E+02
  0.56038702E+01  0.21104443E+02
  0.56228297E+01  0.21135505E+02
  0.56417892E+01  0.21166275E+02
  0.56607487E+01  0.21195696E+02
  0.56797082E+01  0.21222799E+02
  0.56986677E+01  0.21246809E+02
  0.57176272E+01  0.21267222E+02
  0.57365867E+01  0.21283851E+02
  0.57555462E+01  0.21296823E+02
  0.57745057E+01  0.21306537E+02
  0.57934652E+01  0.21313575E+02
  0.58124247E+01  0.21318597E+02
  0.58313842E+01  0.21322218E+02
  0.58503437E+01  0.21324887E+02
  0.58693807E+01  0.21318630E+02
  0.58884178E+01  0.21313818E+02
  0.59074549E+01  0.21310211E+02
  0.59264920E+01  0.21307339E+02
  0.59455290E+01  0.21304516E+02
  0.59645661E+01  0.21300855E+02
  0.59836032E+01  0.21295286E+02
  0.60026402E+01  0.21286573E+02
  0.60216773E+01  0.21273344E+02
  0.60407144E+01  0.21254129E+02
  0.60597515E+01  0.21227412E+02
  0.60787885E+01  0.21191697E+02
  0.60978256E+01  0.21145577E+02
  0.61168627E+01  0.21087818E+02
  0.61358997E+01  0.21017427E+02
  0.61549368E+01  0.20933728E+02
  0.61739739E+01  0.20836413E+02
  0.61930110E+01  0.20725582E+02
  0.62120480E+01  0.20601756E+02
  0.62310851E+01  0.20465878E+02
  0.62501222E+01  0.20319289E+02
  0.62691592E+01  0.20163689E+02
  0.62881963E+01  0.20001098E+02
  0.63072334E+01  0.19833826E+02
  0.63262705E+01  0.19664506E+02
  0.63453075E+01  0.19496397E+02
  0.63643446E+01  0.19335253E+02
  0.63833817E+01  0.19208232E+02
  0.64024187E+01  0.19201688E+02
  0.64214558E+01  0.19246355E+02
  0.64404929E+01  0.19298717E+02
  0.64595300E+01  0.19353473E+02
  0.64785670E+01  0.19409354E+02
  0.64976041E+01  0.19465891E+02
  0.65166412E+01  0.19522908E+02
  0.65356782E+01  0.19580389E+02
  0.65547153E+01  0.19638434E+02
  0.65737524E+01  0.19697230E+02
  0.65927895E+01  0.19757030E+02
  0.66118265E+01  0.19818126E+02
  0.66308636E+01  0.19880827E+02
  0.66499007E+01  0.19945436E+02
  0.66689377E+01  0.20012229E+02
  0.66879748E+01  0.20081437E+02
  0.67070119E+01  0.20153232E+02
  0.67260490E+01  0.20227722E+02
  0.67450860E+01  0.20304944E+02
  0.67641231E+01  0.20384866E+02
  0.67831602E+01  0.20467387E+02
  0.68021972E+01  0.20552342E+02
  0.68212343E+01  0.20639506E+02
  0.68402714E+01  0.20728595E+02
  0.68593085E+01  0.20819275E+02
  0.68783455E+01  0.20911166E+02
  0.68973826E+01  0.21003849E+02
  0.69164197E+01  0.21096879E+02
  0.69354567E+01  0.21189798E+02
  0.69544938E+01  0.21282148E+02
  0.69735309E+01  0.21373497E+02
  0.69925680E+01  0.21463448E+02
  0.70116050E+01  0.21551661E+02
  0.70306421E+01  0.21637868E+02
  0.70496792E+01  0.21721879E+02
  0.70687162E+01  0.21803588E+02
  0.70877533E+01  0.21882970E+02
  0.71067904E+01  0.21960076E+02
  0.71258275E+01  0.22035019E+02
  0.71448645E+01  0.22107964E+02
  0.71639016E+01  0.22179108E+02
  0.71829387E+01  0.22248662E+02
  0.72019757E+01  0.22316840E+02
  0.72210128E+01  0.22383842E+02
  0.72400499E+01  0.22449843E+02
  0.72590870E+01  0.22514988E+02
  0.72781240E+01  0.22579385E+02
  0.72971611E+01  0.22643109E+02
  0.73161982E+01  0.22706201E+02
  0.73352352E+01  0.22768678E+02
  0.73542723E+01  0.22830534E+02
  0.73733094E+01  0.22891751E+02
  0.73923465E+01  0.22952295E+02
  0.74113835E+01  0.23012123E+02
  0.74304206E+01  0.23071175E+02
  0.74494577E+01  0.23129366E+02
  0.74684947E+01  0.23186578E+02
  0.74875318E+01  0.23242636E+02
  0.75065689E+01  0.23297300E+02
  0.75256060E+01  0.23350250E+02
  0.75446430E+01  0.23401077E+02
  0.75636801E+01  0.23449285E+02
  0.75827172E+01  0.23494299E+02
  0.76017542E+01  0.23535488E+02
  0.76207913E+01  0.23572174E+02
  0.76398284E+01  0.23603650E+02
  0.76588655E+01  0.23629203E+02
  0.76779025E+01  0.23648145E+02
  0.76969396E+01  0.23659874E+02
  0.77159767E+01  0.23663934E+02
  0.77350137E+01  0.23660060E+02
  0.77540508E+01  0.23648175E+02
  0.77730103E+01  0.23661892E+02
  0.77919698E+01  0.23668119E+02
  0.78109293E+01  0.23670540E+02
  0.78298888E+01  0.23672018E+02
  0.78488483E+01  0.23673680E+02
  0.78678078E+01  0.23675794E+02
  0.78867673E+01  0.23678398E+02
  0.79057268E+01  0.23681490E+02
  0.79246863E+01  0.23685084E+02
  0.79436458E+01  0.23689225E+02
  0.79626053E+01  0.23693998E+02
  0.79815648E+01  0.23699532E+02
  0.80005243E+01  0.23705985E+02
  0.80194838E+01  0.23713529E+02
  0.80384433E+01  0.23722326E+02
  0.80574028E+01  0.23732503E+02
  0.80763622E+01  0.23744126E+02
  0.80953217E+01  0.23757184E+02
  0.81142812E+01  0.23771576E+02
  0.81332407E+01  0.23787115E+02
  0.81522002E+01  0.23803538E+02
  0.81711597E+01  0.23820530E+02
  0.81901192E+01  0.23837751E+02
  0.82090787E+01  0.23854872E+02
  0.82280382E+01  0.23871607E+02
  0.82469977E+01  0.23887740E+02
  0.82659572E+01  0.23903146E+02
  0.82849167E+01  0.23917799E+02
  0.83038762E+01  0.23931770E+02
  0.83228357E+01  0.23945214E+02
  0.83417952E+01  0.23958340E+02
  0.83607547E+01  0.23971389E+02
  0.83797142E+01  0.23984599E+02
  0.83986737E+01  0.23998171E+02
  0.84176332E+01  0.24012254E+02
  0.84365927E+01  0.24026923E+02
  0.84555522E+01  0.24042181E+02
  0.84745117E+01  0.24057966E+02
  0.84934712E+01  0.24074168E+02
  0.85124307E+01  0.24090649E+02
  0.85313902E+01  0.24107269E+02
  0.85503497E+01  0.24123905E+02
  0.85693091E+01  0.24140469E+02
  0.85882686E+01  0.24156906E+02
  0.86072281E+01  0.24173200E+02
  0.86261876E+01  0.24189359E+02
  0.86451471E+01  0.24205398E+02
  0.86641066E+01  0.24221331E+02
  0.86830661E+01  0.24237148E+02
  0.87020256E+01  0.24252811E+02
  0.87209851E+01  0.24268254E+02
  0.87399446E+01  0.24283384E+02
  0.87589041E+01  0.24298092E+02
  0.87778636E+01  0.24312266E+02
  0.87968231E+01  0.24325805E+02
  0.88157826E+01  0.24338623E+02
  0.88347421E+01  0.24350662E+02
  0.88537016E+01  0.24361878E+02
  0.88726611E+01  0.24372245E+02
  0.88916206E+01  0.24381735E+02
  0.89105801E+01  0.24390311E+02
  0.89295396E+01  0.24397920E+02
  0.89484991E+01  0.24404492E+02
  0.89674586E+01  0.24409955E+02
  0.89864181E+01  0.24414254E+02
  0.90053776E+01  0.24417383E+02
  0.90243371E+01  0.24419417E+02
  0.90432966E+01  0.24420528E+02
  0.90622560E+01  0.24420989E+02
  0.90812155E+01  0.24421141E+02
  0.91001750E+01  0.24421346E+02
  0.91191345E+01  0.24418471E+02
  0.91380940E+01  0.24407578E+02
  0.91570535E+01  0.24388254E+02
  0.91760130E+01  0.24360045E+02
  0.91949725E+01  0.24322541E+02
  0.92139320E+01  0.24275467E+02
  0.92328915E+01  0.24218744E+02
  0.92518510E+01  0.24152525E+02
  0.92708105E+01  0.24077198E+02
  0.92897700E+01  0.23993369E+02
  0.93087295E+01  0.23901810E+02
  0.93276890E+01  0.23803401E+02
  0.93466485E+01  0.23699061E+02
  0.93656080E+01  0.23589679E+02
  0.93845675E+01  0.23476061E+02
  0.94035270E+01  0.23358887E+02
  0.94224865E+01  0.23238695E+02
  0.94414460E+01  0.23115878E+02
  0.94604055E+01  0.22990700E+02
  0.94793650E+01  0.22863328E+02
  0.94983245E+01  0.22733863E+02
  0.95172840E+01  0.22602377E+02
  0.95362435E+01  0.22468946E+02
  0.95552029E+01  0.22333669E+02
  0.95741624E+01  0.22196690E+02
  0.95931219E+01  0.22058205E+02
  0.96120814E+01  0.21918469E+02
  0.96310409E+01  0.21777795E+02
  0.96500004E+01  0.21636558E+02
  0.96689599E+01  0.21495207E+02
  0.96879194E+01  0.21354307E+02
  0.97068789E+01  0.21214785E+02
  0.97258384E+01  0.21080342E+02
  0.97447979E+01  0.20993275E+02
  0.97637574E+01  0.20954372E+02
  0.97827169E+01  0.20921592E+02
  0.98016764E+01  0.20892102E+02
  0.98206359E+01  0.20865873E+02
  0.98395954E+01  0.20843174E+02
  0.98585549E+01  0.20824304E+02
  0.98775144E+01  0.20809532E+02
  0.98964739E+01  0.20799077E+02
  0.99154334E+01  0.20793099E+02
  0.99343929E+01  0.20791695E+02
  0.99533524E+01  0.20794896E+02
  0.99723119E+01  0.20802671E+02
  0.99912714E+01  0.20814923E+02
  0.10010231E+02  0.20831490E+02
  0.10029190E+02  0.20852139E+02
  0.10048150E+02  0.20876570E+02
  0.10067109E+02  0.20904406E+02
  0.10086069E+02  0.20935195E+02
  0.10105028E+02  0.20968405E+02
  0.10123988E+02  0.21003434E+02
  0.10142947E+02  0.21039621E+02
  0.10161907E+02  0.21076256E+02
  0.10180866E+02  0.21112612E+02
  0.10199826E+02  0.21147967E+02
  0.10218785E+02  0.21181633E+02
  0.10237745E+02  0.21212988E+02
  0.10256704E+02  0.21241493E+02
  0.10275664E+02  0.21266715E+02
  0.10294623E+02  0.21288328E+02
  0.10313583E+02  0.21306122E+02
  0.10332542E+02  0.21319988E+02
  0.10351502E+02  0.21329916E+02
  0.10370461E+02  0.21335972E+02
  0.10389421E+02  0.21338291E+02
  0.10408380E+02  0.21337061E+02
  0.10427340E+02  0.21332507E+02
  0.10446299E+02  0.21324887E+02
  0.10465249E+02  0.21319076E+02
  0.10484199E+02  0.21313551E+02
  0.10503150E+02  0.21308423E+02
  0.10522100E+02  0.21303676E+02
  0.10541050E+02  0.21299195E+02
  0.10560000E+02  0.21294785E+02
  0.10578950E+02  0.21290208E+02
  0.10597900E+02  0.21285215E+02
  0.10616850E+02  0.21279574E+02
  0.10635800E+02  0.21273101E+02
  0.10654750E+02  0.21265669E+02
  0.10673700E+02  0.21257226E+02
  0.10692651E+02  0.21247787E+02
  0.10711601E+02  0.21237434E+02
  0.10730551E+02  0.21226304E+02
  0.10749501E+02  0.21214569E+02
  0.10768451E+02  0.21202422E+02
  0.10787401E+02  0.21190059E+02
  0.10806351E+02  0.21177667E+02
  0.10825301E+02  0.21165413E+02
  0.10844251E+02  0.21153446E+02
  0.10863201E+02  0.21141896E+02
  0.10882152E+02  0.21130891E+02
  0.10901102E+02  0.21120566E+02
  0.10920052E+02  0.21111088E+02
  0.10939002E+02  0.21102665E+02
  0.10957952E+02  0.21095559E+02
  0.10976902E+02  0.21090095E+02
  0.10995852E+02  0.21086655E+02
  0.11014802E+02  0.21085673E+02
  0.11033752E+02  0.21087642E+02
  0.11052702E+02  0.21093151E+02
  0.11071653E+02  0.21103097E+02
  0.11090603E+02  0.21119812E+02
  0.11109553E+02  0.21156265E+02
  0.11128503E+02  0.21259255E+02
  0.11147453E+02  0.21404183E+02
  0.11166403E+02  0.21560852E+02
  0.11185353E+02  0.21724802E+02
  0.11204303E+02  0.21895167E+02
  0.11223253E+02  0.22071675E+02
  0.11242203E+02  0.22254126E+02
  0.11261154E+02  0.22442235E+02
  0.11280104E+02  0.22635551E+02
  0.11299054E+02  0.22833425E+02
  0.11318004E+02  0.23034989E+02
  0.11336954E+02  0.23239162E+02
  0.11355904E+02  0.23444678E+02
  0.11374854E+02  0.23650121E+02
  0.11393804E+02  0.23853982E+02
  0.11412754E+02  0.24054712E+02
  0.11431704E+02  0.24250784E+02
  0.11450655E+02  0.24440746E+02
  0.11469605E+02  0.24623262E+02
  0.11488555E+02  0.24797154E+02
  0.11507505E+02  0.24961420E+02
  0.11526455E+02  0.25115253E+02
  0.11545405E+02  0.25258051E+02
  0.11564355E+02  0.25389420E+02
  0.11583305E+02  0.25509182E+02
  0.11602255E+02  0.25617381E+02
  0.11621205E+02  0.25714296E+02
  0.11640156E+02  0.25800458E+02
  0.11659106E+02  0.25876665E+02
  0.11678056E+02  0.25943996E+02
  0.11697006E+02  0.26003821E+02
  0.11715956E+02  0.26057786E+02
  0.11734906E+02  0.26107785E+02
  0.11753856E+02  0.26155892E+02
  0.11772806E+02  0.26204254E+02
  0.11791756E+02  0.26254950E+02
  0.11810707E+02  0.26309804E+02
  0.11829657E+02  0.26370189E+02
  0.11848607E+02  0.26436835E+02
  0.11867557E+02  0.26509671E+02
  0.11886507E+02  0.26587744E+02
  0.11905457E+02  0.26669220E+02
  0.11924407E+02  0.26751474E+02
  0.11943357E+02  0.26831263E+02
  0.11962307E+02  0.26904950E+02
  0.11981257E+02  0.26968760E+02
  0.12000208E+02  0.27019048E+02
  0.12019158E+02  0.27052551E+02
  0.12038108E+02  0.27066622E+02
  0.12057058E+02  0.27059430E+02
  0.12076008E+02  0.27030125E+02
  0.12094958E+02  0.26978965E+02
  0.12113995E+02  0.26933159E+02
  0.12133032E+02  0.26883407E+02
  0.12152069E+02  0.26832733E+02
  0.12171106E+02  0.26783888E+02
  0.12190143E+02  0.26739062E+02
  0.12209180E+02  0.26699673E+02
  0.12228218E+02  0.26666232E+02
  0.12247255E+02  0.26638340E+02
  0.12266292E+02  0.26614789E+02
  0.12285329E+02  0.26593756E+02
  0.12304366E+02  0.26573048E+02
  0.12323403E+02  0.26550369E+02
  0.12342440E+02  0.26523554E+02
  0.12361477E+02  0.26490770E+02
  0.12380514E+02  0.26450656E+02
  0.12399551E+02  0.26402404E+02
  0.12418588E+02  0.26345785E+02
  0.12437625E+02  0.26281113E+02
  0.12456662E+02  0.26209181E+02
  0.12475699E+02  0.26131144E+02
  0.12494737E+02  0.26048387E+02
  0.12513774E+02  0.25962383E+02
  0.12532811E+02  0.25874550E+02
  0.12551848E+02  0.25786135E+02
  0.12570885E+02  0.25698129E+02
  0.12589922E+02  0.25611229E+02
  0.12608959E+02  0.25525852E+02
  0.12627996E+02  0.25442193E+02
  0.12647033E+02  0.25360313E+02
  0.12666070E+02  0.25280245E+02
  0.12685107E+02  0.25202091E+02
  0.12704144E+02  0.25126085E+02
  0.12723181E+02  0.25052620E+02
  0.12742218E+02  0.24982228E+02
  0.12761256E+02  0.24915508E+02
  0.12780293E+02  0.24853023E+02
  0.12799330E+02  0.24795200E+02
  0.12818367E+02  0.24742230E+02
  0.12837404E+02  0.24694034E+02
  0.12856441E+02  0.24650278E+02
  0.12875478E+02  0.24610471E+02
  0.12894515E+02  0.24574107E+02
  0.12913552E+02  0.24540830E+02
  0.12932589E+02  0.24510577E+02
  0.12951626E+02  0.24483651E+02
  0.12970663E+02  0.24460690E+02
  0.12989700E+02  0.24442501E+02
  0.13008737E+02  0.24429804E+02
  0.13027775E+02  0.24422894E+02
  0.13046812E+02  0.24421346E+02
  
